it04	1.2807	11/06/2017 08:37:57	Dico paga lentamente	a	66.0382	35.2534	35.0254	80.8625	39.7312	41.0267	31.5781	1.7434	29.6550	2.2776	27.5682	2.1037	25.6248	2.4595	23.6736	2.7584	21.7577	3.3065	19.7933	3.5583	17.8553	4.1961	15.8952	5.0283	13.8952	6.2686	11.8033	8.5660	9.5532	11.2270	7.1591	13.5699	4.7266	14.8487	2.1337	16.6050	-0.4039	17.2795	-2.9416	17.6236	-5.3221	17.0682	-7.8633	17.1167	-10.1962	16.3192	-12.8271	16.4385	-14.8897	14.8405	-16.8793	13.1875	-17.9293	9.5017	-18.7056	5.6568	-19.5260	2.3176	-20.0240	-1.2793	-20.6761	-4.2687	-21.7094	-6.3991	-22.3560	-8.9672	-22.7911	-11.6459	-23.3403	-13.9832	-24.0397	-15.9915	-24.8572	-17.7608	-25.7544	-19.3719	-26.0019	-21.5953	-25.6067	-24.3176	-24.8547	-27.1847	-23.8349	-30.0822	-23.1701	-32.4900	-23.5049	-33.9938	-24.1969	-35.1995
it04	1.1853	11/06/2017 08:38:02	Dico poto lentamente	O	70.7471	81.2159	83.5168	75.0766	-3.4106	3.3153	33.3543	7.7818	31.2472	8.3670	29.1240	8.8879	26.9813	9.3239	24.8058	9.5674	22.6236	9.7087	20.4314	9.6652	18.2514	9.5544	16.0867	9.4327	13.9363	9.4038	11.7853	9.6126	9.6078	10.0797	7.3943	10.5546	5.1388	11.0533	2.8392	11.5440	0.5380	11.7537	-1.7422	11.6811	-4.0180	11.4857	-6.2968	11.2238	-8.4587	10.4999	-10.6145	9.7725	-12.6481	8.7149	-14.3573	6.8939	-15.8596	4.7586	-17.2561	2.5922	-18.5403	0.3873	-19.6741	-1.9163	-20.6232	-4.3584	-21.1599	-7.2696	-21.5999	-10.0882	-21.8766	-12.9167	-22.1959	-15.4759	-23.0068	-17.2574	-24.1662	-18.5571	-25.2388	-19.9309	-26.6883	-20.8950	-28.4191	-21.6172	-29.7499	-22.7619	-30.5972	-24.3352	-31.0182	-26.2200	-31.3856	-28.0800	-31.4410	-30.0994
it04	1.1279	11/06/2017 08:38:07	Dico paca lentamente	a	65.1959	6.8122	6.4079	78.2139	72.4121	71.8199	31.4856	1.4290	29.5686	1.9474	27.5757	2.1365	25.5897	2.2822	23.6287	2.4886	21.6706	2.6630	19.7246	2.9012	17.8031	3.4894	15.8602	4.2238	13.8902	5.8940	11.8049	8.4735	9.5876	10.5034	7.2560	12.3271	4.7862	14.3002	2.4044	14.6625	0.0407	14.6711	-2.3200	14.5440	-4.6798	14.3184	-6.9034	13.5055	-9.0711	12.5512	-11.1605	11.4173	-13.3411	10.6087	-15.4813	9.6988	-17.3926	8.2719	-19.0364	6.3563	-20.7144	4.6448	-21.9330	2.1949	-22.9017	-0.4942	-24.0314	-2.7209	-25.1014	-4.8972	-25.8463	-7.4002	-26.7171	-9.5787	-27.6848	-11.5245	-28.4543	-13.6156	-28.9240	-15.9358	-28.8788	-18.6602	-28.0509	-21.9708	-26.6888	-25.5277	-25.6459	-28.5431	-24.9797	-31.0443	-25.1001	-32.7967	-25.9205	-33.9860
it04	1.1749	11/06/2017 08:38:12	Dico pudu lentamente	u	72.7842	37.7468	39.7852	78.8319	-31.1022	30.7164	33.9356	9.7581	31.7683	10.3601	29.5845	10.8959	27.3814	11.3485	25.1486	11.6291	22.9121	11.8414	20.6779	12.0239	18.4502	12.2431	16.2180	12.4511	13.9800	12.7270	11.7256	13.0873	9.4429	13.5481	7.1185	14.0897	4.7502	14.6314	2.3434	15.1004	-0.0822	15.3918	-2.4806	15.3397	-4.8678	15.1234	-7.2520	14.8170	-9.6449	14.4730	-11.9106	13.6773	-13.3872	10.7347	-14.5054	7.2636	-15.7556	4.5203	-16.2160	0.3931	-16.8712	-2.8815	-18.1493	-4.6911	-19.0881	-6.9618	-19.8381	-9.3634	-21.0291	-10.9344	-22.1939	-12.4757	-23.4930	-13.7841	-24.7745	-15.0911	-25.9786	-16.4685	-27.2152	-17.7883	-28.0415	-19.5145	-28.3924	-21.6428	-28.4420	-23.9437	-28.6153	-26.0195	-28.6919	-28.0785	-28.8021	-30.0187	-29.8685	-31.2065
it04	1.1243	11/06/2017 08:38:19	Dico pucu lentamente	u	67.4724	-32.7394	33.2606	81.0871	44.7478	44.6133	32.3162	4.2525	30.3166	4.8078	28.3017	5.3022	26.2643	5.6958	24.1681	5.7324	22.0651	5.5798	20.0106	5.6383	17.9550	5.5448	15.9193	5.5829	13.8926	6.0707	11.8340	6.7827	9.7204	7.7113	7.5325	8.7825	5.2985	9.5830	2.9845	10.5011	0.5040	11.9530	-2.1189	13.5477	-4.8265	14.9463	-7.5952	16.1083	-10.1313	16.1019	-12.2910	14.8231	-13.3020	10.5019	-13.9583	5.8981	-14.1735	0.8947	-13.9778	-4.3391	-13.7496	-8.9946	-14.7337	-10.9074	-16.3892	-11.5390	-18.5418	-11.4169	-20.9678	-11.0253	-23.2965	-10.9435	-24.8242	-12.0477	-25.3344	-14.4049	-25.3631	-17.1778	-25.2546	-19.9138	-25.0670	-22.5491	-25.1342	-24.7712	-25.7263	-26.3973	-26.8336	-27.5337	-27.9182	-28.6966	-28.9249	-29.9265	-30.2625	-30.9291
it04	1.0879	11/06/2017 08:38:25	Dico pogo lentamente	O	64.7066	58.3575	58.8743	83.0257	20.5504	21.5234	31.6193	1.8835	29.6919	2.4188	27.7476	2.8858	25.7657	3.1727	23.7497	3.2163	21.7311	3.1103	19.7300	2.9528	17.7721	3.0710	15.8057	2.9713	13.8523	3.0023	11.8924	3.3882	9.8469	5.0525	7.5757	8.2295	5.0172	12.1728	2.1825	16.2550	-0.8191	19.7153	-3.6402	21.0849	-6.2019	20.8342	-8.5323	19.6332	-10.5862	17.6256	-12.6942	16.0380	-14.5903	14.0224	-15.8089	10.5164	-17.0716	7.5361	-18.0754	4.3244	-18.6367	0.5760	-19.2401	-2.7061	-20.5571	-4.4705	-21.6208	-6.5395	-22.7242	-8.4215	-23.7577	-10.3025	-24.3353	-12.6853	-24.5240	-15.3981	-24.8553	-17.7629	-25.4143	-19.7406	-26.4491	-21.1390	-28.0657	-21.9565	-29.9950	-22.5405	-31.6902	-23.4062	-32.9593	-24.6692	-34.2409	-25.9373	-35.0855	-27.5334
it04	1.1753	11/06/2017 08:38:30	Dico podo lentamente	O	68.6096	75.6843	77.3592	74.6713	-9.2404	9.2545	32.8314	6.0043	30.7785	6.5745	28.7071	7.0698	26.5977	7.3827	24.4831	7.6270	22.3599	7.7594	20.2286	7.7241	18.1119	7.6670	16.0108	7.6858	13.9144	7.7335	11.8154	7.8635	9.6947	8.2519	7.5330	8.7762	5.3313	9.2810	3.0684	9.8994	0.7611	10.4448	-1.5341	10.6502	-3.8464	10.7511	-6.2336	10.9862	-8.2881	9.9288	-10.3209	8.8879	-12.2742	7.6932	-14.0733	6.1852	-15.4059	3.7190	-17.0907	2.2424	-18.3896	0.0921	-19.6114	-2.0302	-20.7011	-4.2263	-21.7382	-6.3535	-22.4234	-8.8673	-22.7580	-11.6919	-22.8045	-14.6821	-22.9337	-17.3470	-23.2057	-19.6639	-23.7314	-21.5651	-24.4809	-23.1470	-24.2624	-25.6083	-23.5499	-28.3637	-22.9137	-30.8651	-23.1423	-32.5122	-22.9069	-34.4425	-24.2676	-35.1498
it04	1.2275	11/06/2017 08:38:37	Dico pata lentamente	a	70.2346	57.3023	57.8941	72.5219	20.7281	20.5736	33.2521	7.4342	31.1462	7.9806	29.0015	8.3538	26.8457	8.6377	24.6692	8.7457	22.4988	8.7863	20.3368	8.7601	18.1859	8.6675	16.0482	8.5478	13.9245	8.5035	11.8043	8.5109	9.6782	8.5995	7.5330	8.7771	5.3614	9.0036	3.1650	9.2067	0.9478	9.3496	-1.2689	9.3361	-3.5030	9.2809	-5.6901	8.9414	-7.7671	8.1837	-9.7043	7.0301	-11.6557	6.0029	-13.3672	4.4231	-15.0800	2.9721	-16.8010	1.6300	-18.5057	0.3195	-20.0245	-1.2785	-21.4710	-2.9206	-22.9494	-4.4349	-24.3475	-6.0149	-25.5785	-7.7724	-26.7221	-9.5721	-27.6743	-11.5372	-28.0751	-14.0527	-27.8681	-17.0805	-26.8262	-20.7543	-25.4036	-24.5125	-23.8574	-28.0858	-22.4643	-31.2470	-21.4766	-33.8430	-21.7554	-35.3067	-22.0157	-36.7352
it04	1.1432	11/06/2017 08:38:43	Dico putu lentamente	u	73.5118	50.4723	51.2199	79.5054	-13.0028	12.1864	34.0334	10.0904	31.8560	10.6952	29.6587	11.2195	27.4192	11.5397	25.1755	11.7909	22.9299	11.9734	20.6870	12.1118	18.4541	12.2957	16.2219	12.5402	13.9804	12.7580	11.7269	13.0099	9.4531	13.3319	7.1322	13.9145	4.7419	14.7085	2.2865	15.5088	-0.2120	16.1537	-2.7563	16.7057	-5.1852	16.4822	-7.5429	15.9116	-9.5610	14.1920	-10.8985	10.6279	-11.8638	6.5717	-12.3145	1.7961	-12.5662	-2.7887	-13.1224	-6.1478	-14.6773	-7.1778	-16.2852	-8.0837	-18.2225	-8.4298	-20.1479	-8.8727	-21.8329	-9.7428	-22.9325	-11.4494	-23.9355	-13.2069	-24.8294	-15.0238	-25.5668	-16.9430	-26.0993	-18.9980	-26.4858	-21.1016	-26.8310	-23.1421	-26.5879	-25.6188	-25.3091	-28.8293	-24.2146	-31.6555	-23.8560	-33.7303	-22.7576	-36.2129
it04	1.2868	11/06/2017 08:38:48	Dico pugu lentamente	u	69.5209	-3.2700	2.1622	74.0268	105.9891	106.5430	33.3167	7.6540	31.2135	8.2381	29.0943	8.7581	26.9622	9.2272	24.8046	9.5604	22.5439	9.1195	20.3096	8.4992	18.1168	7.7334	15.9763	6.8937	13.9012	6.7315	11.8224	7.4547	9.6932	8.2848	7.4427	9.9346	5.0174	12.1714	2.5049	13.9422	0.0646	14.5308	-2.2346	14.1210	-4.1839	12.1959	-5.8402	9.5061	-7.0045	5.6296	-8.1272	2.2787	-9.1565	-0.8268	-9.9082	-4.2088	-10.5747	-7.3525	-11.8016	-8.9404	-12.9903	-10.4816	-15.0335	-10.3617	-17.4747	-9.6981	-19.7458	-9.5096	-21.9761	-9.5305	-24.1113	-9.8112	-25.4014	-11.2948	-25.9270	-13.6786	-26.1891	-16.2260	-26.4511	-18.6167	-26.6293	-20.9552	-27.3009	-22.6908	-28.5218	-23.8715	-29.5007	-25.2670	-30.4612	-26.6650	-31.2249	-28.2005	-31.6781	-29.9325
it04	1.2391	11/06/2017 08:38:54	Dico pada lentamente	a	69.3161	33.9718	34.6409	72.4054	-11.5463	11.5005	32.7314	5.6642	30.6785	6.1920	28.6158	6.6715	26.5371	7.0764	24.4436	7.3895	22.3447	7.6464	20.2433	7.8647	18.1379	8.0190	16.0317	8.1668	13.9225	8.3476	11.8036	8.5515	9.6675	8.8253	7.5037	9.1517	5.3098	9.4789	3.0801	9.8155	0.8624	9.8505	-1.3501	9.7385	-3.5212	9.3589	-5.6228	8.6884	-7.6197	7.6900	-9.5950	6.7009	-11.4371	5.4055	-13.1280	3.8263	-14.7038	2.1100	-16.2883	0.5460	-17.7540	-1.1526	-19.1193	-2.9259	-20.4623	-4.6313	-21.7735	-6.2976	-22.9563	-8.0774	-23.9538	-10.0301	-24.8083	-12.0684	-25.7461	-13.9004	-26.7364	-15.5953	-27.8482	-17.1021	-29.1583	-18.3750	-30.2833	-19.8273	-29.7072	-22.8005	-28.4646	-26.1476	-26.5850	-29.7617	-25.4142	-32.5610	-23.5505	-35.6547
it04	1.1825	11/06/2017 08:39:00	Dico poco lentamente	O	63.0388	73.8129	73.3402	80.9237	31.7497	32.8882	32.6857	5.5088	30.6461	6.0682	28.5611	6.4333	26.4290	6.5289	24.0456	4.9954	21.7548	3.2853	19.5844	1.5590	17.5450	-0.0019	15.6396	-0.8483	13.8121	-0.0593	11.9100	2.3653	9.7906	6.2356	7.4319	10.0718	4.8167	14.0195	1.9464	17.9483	-0.7319	19.2032	-3.2604	19.2031	-5.7509	18.9036	-7.9073	17.2822	-9.8114	15.0304	-11.9233	13.7155	-13.8777	12.0751	-15.5322	9.8260	-16.9623	7.2857	-17.2372	2.5523	-16.8536	-2.9158	-16.0820	-8.4535	-15.5600	-12.9452	-15.4545	-16.3075	-16.5438	-17.5839	-18.5390	-17.5548	-20.6488	-17.4939	-22.6711	-17.6689	-24.7285	-17.9091	-26.4259	-18.6440	-27.9797	-19.5775	-29.6432	-20.4419	-31.3835	-21.2860	-33.3914	-21.9604	-34.4072	-23.5123	-35.5113	-24.9840	-36.5459	-26.5053
it04	1.7132	11/06/2017 08:39:22	Dico paga lentamente	a	65.4057	12.8499	12.6833	80.2875	40.3717	41.9100	31.0855	0.0687	29.2133	0.5887	27.3266	1.0500	25.4273	1.4601	23.5335	1.9162	21.6403	2.4389	19.8267	3.8775	17.9574	5.5774	15.9925	7.2669	13.9400	9.6849	11.7423	12.1134	9.4334	13.7468	7.0302	15.2219	4.5563	16.4174	2.0898	16.9198	-0.3313	16.8533	-2.7557	16.7029	-5.1883	16.4953	-7.6212	16.2060	-10.0490	15.8263	-12.4654	15.3487	-14.7153	14.3641	-16.6395	12.5892	-18.0840	9.8562	-18.9699	6.2157	-19.5794	2.4221	-20.1797	-0.9960	-20.7554	-4.1341	-21.2351	-7.1504	-22.0758	-9.3827	-22.7659	-11.6809	-23.1808	-14.1912	-23.8841	-16.1823	-24.9453	-17.6592	-25.9715	-19.1366	-26.9649	-20.6128	-26.9104	-23.0658	-26.4213	-25.7694	-25.4499	-28.7097	-24.1562	-31.7022	-23.3114	-34.1390	-23.9436	-35.3779
it04	1.1644	11/06/2017 08:39:28	Dico poto lentamente	O	67.7146	118.5268	119.9041	73.8278	22.4576	22.1706	32.5151	4.9290	30.4931	5.4831	28.4232	5.8321	26.3476	6.1173	24.2689	6.3387	22.1892	6.4970	20.1102	6.5914	18.0348	6.6237	15.9632	6.5928	13.8982	6.4986	11.8404	6.4129	9.7778	6.5041	7.6964	6.6816	5.5408	7.3517	3.2892	8.3155	0.9722	9.2062	-1.3621	9.7982	-3.7259	10.2350	-5.9967	10.0949	-8.2462	9.7884	-10.4494	9.2750	-12.4309	8.1214	-14.3980	6.9954	-16.0611	5.2206	-17.4097	2.9170	-18.7472	0.7924	-20.3530	-0.6805	-21.7142	-2.5081	-22.9082	-4.5000	-24.0787	-6.4134	-24.6858	-9.0128	-24.7553	-12.1375	-24.9339	-14.8957	-25.2745	-17.2799	-25.8793	-19.2365	-27.0371	-20.5391	-28.4479	-21.5896	-29.8627	-22.6601	-31.3453	-23.6993	-31.6930	-25.6808	-32.4687	-27.2672	-33.1228	-28.9153
it04	1.0954	11/06/2017 08:39:33	Dico paca lentamente	a	65.0578	23.9279	23.3603	76.1334	58.4778	57.7687	31.2780	0.7232	29.3841	1.2417	27.4459	1.5705	25.5253	1.9563	23.5985	2.3068	21.6676	2.6406	19.7443	3.0898	17.8136	3.6312	15.8587	4.1898	13.8751	4.7388	11.8481	5.9602	9.7181	7.7594	7.5011	9.1854	5.2147	10.3550	2.8037	11.7983	0.4511	12.2635	-1.8485	12.2079	-4.1974	12.2533	-6.5566	12.2013	-8.7070	11.3315	-10.8494	10.4800	-12.8947	9.3889	-14.6341	7.5847	-15.8826	4.8114	-17.1997	2.4730	-18.3053	-0.0730	-19.5807	-2.0862	-21.0916	-3.5640	-22.8605	-4.5756	-24.3264	-6.0461	-25.6216	-7.7125	-26.7531	-9.5317	-27.8348	-11.3406	-28.6705	-13.3666	-29.2049	-15.6313	-29.0024	-18.5341	-28.3510	-21.6826	-27.5626	-24.7382	-26.7822	-27.5774	-26.0736	-30.1703	-26.4309	-31.7981	-26.9322	-33.2738
it04	1.1607	11/06/2017 08:39:38	Dico pudu lentamente	u	72.9367	52.4092	54.1401	79.3936	-39.3324	38.8126	33.8942	9.6172	31.7312	10.2180	29.5517	10.7527	27.3512	11.1959	25.1102	11.3980	22.8629	11.4777	20.6311	11.5761	18.4064	11.6506	16.1885	11.7722	13.9717	12.0976	11.7355	12.5065	9.4693	12.9911	7.1648	13.4960	4.8003	14.1700	2.3733	14.8859	-0.0937	15.4594	-2.5506	15.6867	-5.0143	15.7503	-7.4031	15.3854	-9.7661	14.8789	-11.8820	13.5911	-13.6404	11.4267	-14.7743	7.9346	-15.7807	4.5779	-16.4502	0.8883	-17.0293	-2.5717	-17.7371	-5.4414	-18.8985	-7.2833	-19.8680	-9.3161	-21.0499	-10.9035	-22.6287	-11.8715	-24.0275	-13.0868	-25.1311	-14.6540	-26.3268	-16.0673	-27.0034	-18.0179	-27.1388	-20.4354	-27.4945	-22.5050	-27.8518	-24.4769	-28.1058	-26.4525	-28.7970	-27.9945	-29.8041	-29.2667	-30.8309	-30.5289
it04	1.2099	11/06/2017 08:39:43	Dico pucu lentamente	u	68.7273	-5.1579	5.5080	81.8417	6.0363	6.5780	32.8737	6.1478	30.8147	6.7131	28.7089	7.0776	26.5634	7.2093	24.3817	7.0172	22.2329	6.8201	20.0885	6.3831	18.0116	6.3103	15.9509	6.3092	13.9032	6.8774	11.8068	8.3642	9.6070	10.0970	7.2647	12.2160	4.7352	14.7699	2.1506	16.4832	-0.4350	17.4617	-3.0185	18.0050	-5.5321	17.9669	-7.9963	17.6171	-10.4540	17.1828	-12.8316	16.4518	-15.0637	15.3161	-16.6620	12.6453	-17.6848	8.9414	-18.3944	4.9988	-18.6299	0.5628	-18.8705	-3.3787	-20.0467	-5.3361	-21.5024	-6.7269	-23.1331	-7.8152	-24.9583	-8.6342	-26.2986	-10.1245	-26.8949	-12.4924	-26.9540	-15.3446	-26.9320	-18.0953	-27.0574	-20.5184	-27.4313	-22.5656	-28.1932	-24.1684	-29.4453	-25.3141	-30.6001	-26.5539	-31.7532	-27.8041	-32.7571	-29.1728
it04	1.2394	11/06/2017 08:39:49	Dico pogo lentamente	O	66.8366	73.9197	74.8520	80.3865	9.5467	9.1400	32.9947	6.5592	30.9312	7.1586	28.8467	7.6786	26.7277	8.0408	24.5365	7.9481	22.2160	6.6953	19.9505	5.0630	17.7869	3.2707	15.7475	1.6322	13.8227	0.7515	11.9295	1.2298	9.9485	2.9148	7.7255	6.3089	5.1814	10.6616	2.3879	14.7810	-0.4990	17.8372	-3.2340	19.0725	-5.5920	18.2235	-7.7212	16.5819	-9.7261	14.7448	-11.8801	13.5852	-14.1370	12.7837	-15.8219	10.5489	-17.2173	7.8700	-18.3682	4.9434	-18.5187	0.3450	-18.5260	-4.0057	-19.2682	-6.6563	-19.5409	-9.8343	-20.1241	-12.2760	-21.7252	-13.1271	-23.1445	-14.2387	-24.1812	-15.8181	-25.5132	-17.0048	-27.1316	-17.8789	-28.4484	-19.0994	-30.0933	-20.0097	-31.9700	-20.7561	-33.5346	-21.8387	-34.0681	-23.7833	-34.8253	-25.4988	-35.3654	-27.3364
it04	1.1334	11/06/2017 08:39:56	Dico podo lentamente	O	67.3299	98.5992	99.8497	73.4639	19.0994	19.2932	32.4514	4.7124	30.3911	5.0931	28.3608	5.5600	26.2822	5.7864	24.1969	5.9053	22.1213	5.9953	20.0600	6.1106	17.9989	6.1388	15.9490	6.2650	13.8975	6.4464	11.8360	6.6676	9.7511	7.0669	7.6285	7.5521	5.4701	8.0025	3.2534	8.5724	0.9863	9.1240	-1.2891	9.4365	-3.6015	9.7025	-5.9484	9.9132	-8.2323	9.7418	-10.4946	9.4112	-12.6446	8.7052	-14.4784	7.1961	-16.0939	5.2957	-17.7774	3.6944	-19.2828	1.8413	-20.6642	-0.1143	-21.9667	-2.0798	-23.0389	-4.2930	-23.6448	-7.0566	-24.1898	-9.7022	-24.6484	-12.2770	-24.6804	-15.2064	-24.6193	-18.0349	-25.0142	-20.1744	-25.3802	-22.2296	-25.8949	-24.0408	-26.5067	-25.6922	-26.4241	-27.8817	-25.6466	-30.5115	-25.3064	-32.6419	-24.8362	-34.7495
it04	1.1592	11/06/2017 08:40:24	Dico pata lentamente	a	71.2540	50.7787	51.3303	73.2029	17.6302	17.4835	33.3700	7.8350	31.2611	8.4203	29.1315	8.9204	26.9611	9.2219	24.7826	9.4282	22.5924	9.4777	20.4220	9.5756	18.2555	9.6100	16.0931	9.5785	13.9390	9.6088	11.7841	9.6828	9.6298	9.6171	7.4578	9.7409	5.2533	9.9987	3.0415	10.0923	0.8263	10.0626	-1.4170	10.0700	-3.6269	9.8113	-5.8165	9.4171	-7.9191	8.6928	-9.8945	7.6030	-11.9605	6.8357	-13.7646	5.4149	-15.2280	3.3112	-16.6246	1.2571	-18.0657	-0.5422	-19.3818	-2.4482	-20.9101	-3.8717	-22.6056	-4.9794	-24.3349	-6.0336	-25.6231	-7.7103	-26.4793	-9.8888	-27.4442	-11.8193	-28.3001	-13.7934	-28.7329	-16.1430	-29.1064	-18.4280	-27.9852	-22.0338	-26.0054	-26.1451	-23.9696	-29.9677	-22.8020	-32.7841	-21.6812	-35.3623	-22.4887	-36.4022
it04	2.1911	11/06/2017 08:40:30	Dico putu lentamente	u	73.7098	36.9609	38.7733	79.5760	4.1745	4.8540	34.2389	10.7892	32.0402	11.3999	29.8240	11.9400	27.5819	12.3630	25.3132	12.6189	23.0424	12.8051	20.7717	12.9218	18.5048	12.9815	16.2462	13.0985	13.9877	13.3168	11.7181	13.5205	9.4330	13.7562	7.1069	14.2390	4.7195	14.9146	2.2817	15.5432	-0.1973	16.0670	-2.7262	16.5565	-5.2116	16.5948	-7.6206	16.2038	-9.8422	15.1337	-11.4741	12.3620	-12.6796	8.8010	-13.4762	4.6950	-14.0440	0.5980	-14.4719	-3.2945	-15.4851	-5.5958	-16.8379	-7.0779	-18.2150	-8.4426	-19.7523	-9.4993	-21.6707	-9.9832	-23.3674	-10.8450	-24.6869	-12.2267	-25.9229	-13.6836	-27.1360	-15.1348	-27.7391	-17.2203	-27.9039	-19.6548	-28.2149	-21.8132	-28.6032	-23.7980	-28.7149	-25.9349	-29.4661	-27.4599	-30.4729	-28.7649	-31.6175	-29.9751
it04	1.0922	11/06/2017 08:40:36	Dico pugu lentamente	u	68.1779	-3.9902	4.7133	79.6971	49.1369	49.4418	31.3733	1.0471	29.5641	1.9303	27.6469	2.4470	25.7341	3.0129	23.7714	3.3469	21.8566	4.0379	19.9484	5.0429	17.9820	5.9095	15.9754	6.8718	13.9165	7.8899	11.8075	8.3197	9.6750	8.6659	7.4925	9.2957	5.2027	10.4654	2.7643	12.0809	0.2234	13.5992	-2.4026	14.9533	-5.1103	16.1615	-7.6891	16.4615	-9.6581	14.5171	-11.3832	12.0881	-12.4273	8.1114	-12.6479	2.6282	-12.3112	-3.3731	-12.3751	-7.7278	-12.4718	-11.4969	-13.3452	-13.4342	-15.4972	-13.0518	-18.3177	-11.7719	-20.8838	-11.1498	-22.6168	-11.8881	-23.6117	-13.6293	-23.8521	-16.2215	-23.8137	-18.9632	-24.6094	-20.6132	-26.3314	-21.2591	-28.3148	-21.7173	-30.2513	-22.3089	-32.4064	-22.7976	-34.2705	-23.6216	-35.7173	-24.8294	-37.3148	-25.9640
it04	1.2850	11/06/2017 08:40:42	Dico pada lentamente	a	69.2717	41.4210	41.6768	71.9549	-17.9951	17.8580	33.1461	7.0741	31.0317	7.5428	28.8851	7.8463	26.6977	7.8888	24.5124	7.8031	22.3756	7.8750	20.2394	7.8276	18.1142	7.6982	16.0142	7.7654	13.9167	7.9073	11.8129	8.0088	9.6910	8.3309	7.5414	8.6692	5.3802	8.8308	3.1975	8.9735	1.0044	9.0178	-1.1717	8.8550	-3.3645	8.6879	-5.5055	8.2470	-7.5156	7.3415	-9.4919	6.3902	-11.3823	5.2558	-13.0497	3.6308	-14.5860	1.8401	-16.2873	0.5439	-17.7763	-1.1089	-19.2273	-2.7294	-20.5717	-4.4457	-22.0431	-5.8705	-23.1307	-7.8188	-24.0911	-9.8393	-25.1195	-11.6625	-26.1688	-13.3823	-27.1123	-15.1622	-27.5965	-17.3750	-27.3398	-20.2303	-26.3872	-23.5682	-25.2367	-26.8397	-23.9514	-29.9832	-23.5176	-32.2124	-23.8381	-33.7438	-24.7514	-34.8092
it04	1.1694	11/06/2017 08:40:48	Dico poco lentamente	o	62.5718	58.6805	58.6015	81.8742	25.5627	25.3756	31.7206	2.2279	29.7685	2.7118	27.6601	2.5044	25.5410	2.0353	23.4507	1.4179	21.4252	0.8485	19.4734	0.4969	17.5882	0.5835	15.7202	1.0051	13.8354	1.7169	11.8879	3.6480	9.7439	7.2170	7.3345	11.3207	4.6672	15.3956	1.7937	19.0440	-1.0303	20.9540	-3.6477	21.1225	-5.9585	19.7925	-8.1491	18.1918	-10.2534	16.5109	-12.1560	14.4166	-13.9342	12.2294	-15.6021	10.0002	-16.6424	6.5525	-17.0280	2.1098	-16.9603	-2.7070	-17.3215	-6.1977	-18.3148	-8.2732	-19.7174	-9.5546	-21.5698	-10.1328	-23.2308	-11.0348	-24.0179	-13.0994	-24.3375	-15.6266	-24.8873	-17.7261	-25.7914	-19.3319	-27.2569	-20.3149	-28.9212	-21.1351	-30.5426	-22.0458	-31.6233	-23.4631	-32.0401	-25.4035	-32.6003	-27.1685	-33.1642	-28.8862
it04	1.2536	11/06/2017 08:41:02	Dico paga lentamente	a	65.6656	5.8780	5.5608	80.3103	75.1424	76.2752	31.5464	1.6358	29.5302	1.8003	27.4837	1.7351	25.4252	1.4493	23.5141	1.7991	21.6481	2.4965	19.8113	3.7305	17.9212	5.0870	15.9855	7.1054	13.9323	9.0965	11.7593	11.1280	9.4541	13.3113	7.0282	15.2478	4.5573	16.4077	2.0742	17.0318	-0.3529	16.9799	-2.7295	16.5731	-5.1768	16.4460	-7.6688	16.3851	-10.0730	15.9067	-12.5239	15.5249	-14.4772	13.7133	-16.1091	11.2656	-17.0722	7.5375	-17.5798	3.2765	-18.0888	-0.4970	-19.0823	-2.9932	-20.1291	-5.1963	-21.6268	-6.5299	-23.0011	-8.0110	-23.7454	-10.3196	-24.2354	-12.8156	-24.7006	-15.1816	-25.2109	-17.3532	-25.7335	-19.3947	-25.7054	-21.8978	-25.0411	-24.8606	-24.0773	-27.8872	-22.7609	-30.9949	-22.2127	-33.2549	-22.6048	-34.6692	-23.2909	-35.8375
it04	1.1684	11/06/2017 08:41:07	Dico poto lentamente	O	70.5342	117.8035	119.8121	75.2493	27.5092	27.8987	33.4604	8.1427	31.3385	8.7160	29.1995	9.2172	27.0171	9.5050	24.8121	9.6052	22.6143	9.6400	20.4219	9.5739	18.2382	9.3754	16.0793	9.2631	13.9342	9.2413	11.7918	9.2370	9.6440	9.3190	7.4591	9.7234	5.2217	10.2899	2.9415	10.8100	0.6227	11.2570	-1.7335	11.6384	-4.0768	11.7373	-6.4088	11.6450	-8.7504	11.4769	-10.8923	10.6092	-12.8649	9.3073	-14.6418	7.6039	-16.1866	5.5081	-17.6425	3.4090	-18.9163	1.1237	-19.7672	-1.7467	-21.0153	-3.6934	-22.0617	-5.8410	-23.0130	-7.9933	-24.5655	-9.1800	-26.2042	-10.2476	-27.5716	-11.6632	-29.2491	-12.6999	-30.8102	-13.8910	-32.0876	-15.3865	-33.0233	-17.1964	-33.3727	-19.4887	-33.3104	-22.0293	-32.2141	-25.2645	-31.9667	-27.6439	-31.6926	-29.9222
it04	1.1163	11/06/2017 08:41:13	Dico paca lentamente	a	64.8384	13.5946	12.8414	79.8602	74.3834	74.8688	30.8627	-0.6886	29.0102	-0.1881	27.0797	-0.0266	25.1440	0.0268	23.2899	0.4511	21.4653	1.1452	19.6427	2.1168	17.8307	3.8627	15.9601	6.5216	13.9317	9.0532	11.7454	11.9308	9.3852	14.7603	6.9242	16.5813	4.4428	17.4623	1.9560	17.8794	-0.4467	17.5305	-2.7791	16.8188	-5.0341	15.8354	-7.4119	15.4185	-9.7052	14.6748	-11.9054	13.6615	-14.2191	13.0080	-16.5305	12.3171	-18.4836	10.7720	-19.4966	7.3293	-20.5095	4.2437	-21.3251	1.0886	-21.8586	-2.2633	-22.4576	-5.2138	-23.7368	-6.9202	-24.8427	-8.7948	-25.5275	-11.1303	-26.1362	-13.4223	-27.0764	-15.2036	-27.7887	-17.1666	-27.2872	-20.2840	-26.6499	-23.3159	-26.1279	-26.0344	-25.0553	-29.0450	-23.9250	-31.8869	-24.5636	-33.1993	-25.3882	-34.3608
it04	1.2156	11/06/2017 08:41:19	Dico pudu lentamente	u	72.5013	56.9203	58.4155	79.2661	-34.8430	34.9094	33.9139	9.6841	31.7471	10.2790	29.5337	10.6741	27.3104	10.9891	25.0815	11.2258	22.8515	11.3940	20.6270	11.5367	18.4086	11.6800	16.1843	11.6765	13.9734	12.2268	11.7151	13.6957	9.3615	15.2590	6.9144	16.7070	4.3935	17.9159	1.9454	17.9552	-0.4036	17.2772	-2.7326	16.5885	-5.0842	16.0498	-7.1953	14.6036	-9.4490	13.8169	-10.8941	10.6148	-11.8702	6.5892	-12.7569	2.9001	-13.7918	0.0200	-13.8826	-4.5404	-15.1800	-6.1933	-16.5382	-7.6232	-17.8659	-9.0346	-19.3473	-10.1409	-20.9925	-10.9888	-21.9208	-12.8553	-22.6411	-14.8952	-23.0860	-17.1603	-23.5226	-19.2987	-24.5632	-20.6633	-25.9423	-21.6560	-26.6761	-23.2908	-27.5508	-24.7488	-28.3100	-26.2790	-28.6779	-28.0897	-29.0194	-29.8556	-30.1839	-30.9844
it04	1.2680	11/06/2017 08:41:24	Dico pucu lentamente	u	66.8009	-13.8158	13.9075	83.6630	63.6288	64.5055	31.1563	0.3093	29.2984	0.9141	27.4484	1.5813	25.5729	2.1971	23.6557	2.6510	21.8134	3.7185	19.8975	4.5552	17.9370	5.3008	15.9360	5.9662	13.8989	6.5499	11.8097	8.1945	9.5500	11.2954	7.0677	14.7408	4.3512	18.3057	1.4945	21.1902	-1.1941	21.9149	-3.7361	21.5600	-6.1509	20.6161	-8.4685	19.3935	-10.7956	18.3269	-13.0960	17.2484	-15.3076	15.9826	-17.3382	14.3328	-18.9101	11.7493	-19.6927	7.7439	-19.8792	3.0093	-19.6929	-1.8820	-19.8776	-5.6229	-20.5190	-8.2848	-21.6928	-9.9505	-23.2349	-11.0291	-24.8619	-11.9985	-26.1149	-13.4484	-27.3429	-14.8964	-28.6477	-16.2354	-29.5351	-17.9906	-30.0148	-20.0850	-30.5556	-22.0340	-30.7477	-24.2072	-30.8059	-26.3896	-31.5998	-27.9192	-32.3221	-29.4790
it04	1.4327	11/06/2017 08:41:30	Dico pogo lentamente	O	65.7059	55.0616	55.6708	82.7989	0.3712	0.4051	32.6742	5.4697	30.6656	6.1427	28.3422	5.4786	26.0873	4.8002	23.9087	4.1723	21.8488	3.9806	19.7836	3.4659	17.8385	3.9692	15.8674	4.3882	13.8692	4.2916	11.8755	4.3663	9.8284	5.4414	7.5936	7.9996	5.0555	11.8202	2.3044	15.3805	-0.5088	17.8946	-3.2823	19.3117	-5.8064	19.1413	-8.0844	17.9482	-10.3075	16.6922	-12.6066	15.7740	-14.8984	14.8643	-16.1432	11.3507	-17.3684	8.2163	-18.2037	4.5958	-17.9048	-0.8572	-17.5507	-5.7807	-18.0833	-8.6658	-18.6614	-11.2274	-19.9762	-12.4954	-21.7480	-13.0954	-22.9230	-14.5275	-23.7432	-16.3549	-24.3092	-18.3922	-24.9075	-20.2901	-26.0399	-21.5565	-27.1925	-22.7950	-27.8486	-24.4798	-27.2221	-27.2035	-25.9957	-30.2325	-25.5195	-32.4820	-24.6025	-34.9140
it04	1.2077	11/06/2017 08:41:35	Dico podo lentamente	O	68.2069	97.8257	98.9052	75.2567	-31.4349	31.7193	32.5250	4.9626	30.4959	5.4936	28.4557	5.9738	26.3980	6.3721	24.3165	6.6247	22.2356	6.8400	20.1541	7.0113	18.0714	7.1191	15.9901	7.2115	13.9087	7.3002	11.8239	7.3677	9.7189	7.7433	7.5433	8.6443	5.2848	9.7093	2.9258	10.9226	0.5105	11.9149	-1.8594	12.2621	-4.1525	12.0614	-6.3751	11.5182	-8.4202	10.3712	-10.3694	9.0340	-12.2667	7.6726	-13.8624	5.6588	-15.3751	3.6484	-16.8359	1.7037	-18.1694	-0.3391	-19.3754	-2.4598	-20.5515	-4.4799	-21.6115	-6.5541	-22.7377	-8.4014	-23.6971	-10.3869	-24.2612	-12.7820	-24.6396	-15.2564	-24.9720	-17.6284	-25.3061	-19.8580	-25.6838	-21.9199	-25.6560	-24.2702	-25.1988	-26.8739	-24.3548	-29.6404	-23.3491	-32.3470	-22.5950	-34.6766	-22.8554	-36.1441
it04	1.1767	11/06/2017 08:41:41	Dico pata lentamente	a	71.3291	56.8430	57.6798	73.7420	-0.2777	0.7926	33.6807	8.8915	31.5382	9.4799	29.3475	9.8623	27.1252	10.0524	24.9042	10.1595	22.6855	10.1661	20.4698	10.0327	18.2816	9.9630	16.1082	9.9257	13.9437	9.9618	11.7777	10.0553	9.6066	10.1055	7.4114	10.3353	5.1842	10.6357	2.9605	10.6739	0.6988	10.8100	-1.5602	10.7796	-3.7350	10.2741	-5.8659	9.6029	-8.0056	8.9825	-9.9686	7.8263	-11.7969	6.3888	-13.4807	4.7063	-15.0305	2.8586	-16.4855	0.9630	-17.9720	-0.7257	-19.3872	-2.4384	-20.8557	-3.9641	-22.2299	-5.5745	-23.3827	-7.4453	-24.4093	-9.3971	-25.4807	-11.1914	-26.4529	-13.0342	-27.1207	-15.1525	-27.4327	-17.5525	-26.7410	-20.8413	-25.6228	-24.3021	-24.1161	-27.8522	-22.5627	-31.1634	-21.5597	-33.7766	-21.8682	-35.2220	-21.9440	-36.7857
it04	1.1205	11/06/2017 08:41:46	Dico putu lentamente	u	74.6132	45.4944	47.3563	79.3199	-31.4813	31.0409	34.4187	11.4004	32.2014	12.0162	29.9672	12.5644	27.7154	13.0386	25.4441	13.4060	23.1606	13.6791	20.8633	13.7990	18.5700	13.8633	16.2830	13.9454	13.9977	14.0739	11.7045	14.3117	9.3891	14.6780	7.0287	15.2417	4.6167	15.8605	2.1678	16.3600	-0.2776	16.5381	-2.7510	16.6796	-5.1420	16.2969	-7.4660	15.6223	-9.6048	14.3385	-11.0930	11.2138	-12.2959	7.7524	-13.1663	3.9219	-13.7894	0.0145	-14.2982	-3.6617	-15.6210	-5.3297	-16.8413	-7.0716	-18.2192	-8.4355	-20.0316	-9.0569	-21.8208	-9.7607	-23.1373	-11.1647	-24.5635	-12.3877	-25.9082	-13.7017	-27.3330	-14.9078	-29.2123	-15.6232	-30.8606	-16.6383	-31.8561	-18.3171	-32.1086	-20.6309	-30.5476	-24.3773	-27.9988	-28.6322	-26.9017	-31.4448	-25.6873	-34.1503
it04	1.2111	11/06/2017 08:41:51	Dico pugu lentamente	u	66.3519	-21.0933	21.6982	81.4757	9.7966	9.3850	32.9390	6.3700	30.8479	6.8398	28.6715	6.9145	26.3823	6.2927	24.1941	5.8887	21.9782	4.9371	19.9150	4.7230	17.9154	5.0084	15.9186	5.5667	13.8995	6.5980	11.8100	8.1753	9.6314	9.5842	7.3275	11.4113	4.8750	13.4820	2.3651	14.9449	-0.1847	15.9935	-2.7113	16.4828	-5.2653	16.8247	-7.7347	16.6328	-9.8927	15.3028	-11.3537	11.9993	-12.6058	8.5992	-13.4425	4.6111	-14.0513	0.6147	-14.9107	-2.3667	-16.3530	-3.8962	-17.9522	-5.0499	-19.6308	-6.0414	-21.5946	-6.5810	-23.5689	-7.1692	-25.1071	-8.4274	-26.3030	-10.1188	-27.2023	-12.1157	-27.7393	-14.4396	-28.3209	-16.5897	-29.1386	-18.3951	-29.9607	-20.1370	-30.8096	-21.8045	-32.0307	-23.1169	-33.2934	-24.4022	-34.3476	-25.8573	-35.6061	-27.1670
it04	1.1500	11/06/2017 08:41:57	Dico pada lentamente	a	70.1721	37.1024	37.7847	72.2955	-38.3006	38.7068	33.0115	6.6165	30.9226	7.1257	28.8167	7.5478	26.6986	7.8934	24.5726	8.1648	22.4389	8.3430	20.3123	8.5250	18.1881	8.6980	16.0605	8.8301	13.9312	9.0155	11.7918	9.2373	9.6353	9.5020	7.4501	9.8387	5.2350	10.1674	2.9931	10.4395	0.7550	10.4805	-1.4336	10.1525	-3.5592	9.5214	-5.6038	8.6167	-7.6400	7.7580	-9.5705	6.6269	-11.4116	5.3359	-13.2291	4.0786	-14.9173	2.5992	-16.4020	0.7863	-17.9275	-0.8127	-19.3949	-2.4243	-20.6555	-4.3035	-21.7061	-6.4043	-22.9523	-8.0832	-23.9550	-10.0284	-24.6538	-12.2699	-25.6555	-14.0114	-26.7320	-15.6004	-27.5417	-17.4343	-28.3998	-19.1489	-28.0750	-21.9476	-26.9509	-25.2909	-25.6974	-28.4994	-24.3418	-31.5539	-23.2258	-34.2033	-23.9577	-35.3680
it04	0.9627	11/06/2017 08:42:02	Dico poco lentamente	O	63.7858	65.5143	65.5502	82.1992	30.0882	30.6987	31.7032	2.1688	29.7618	2.6863	27.7111	2.7269	25.6704	2.6905	23.6399	2.5560	21.6083	2.2023	19.6177	1.8776	17.6883	1.9363	15.7573	1.8586	13.8398	2.0513	11.9040	2.7141	9.8580	4.8195	7.6325	7.5007	5.1381	11.0599	2.2947	15.4496	-0.6698	18.8389	-3.3373	19.5844	-5.9975	19.9593	-8.2032	18.3954	-10.1814	16.2696	-12.1801	14.4890	-14.2616	13.1242	-16.4315	12.0701	-18.2864	10.3200	-19.6953	7.7494	-20.8771	4.9636	-21.6417	1.6647	-21.9682	-2.0773	-22.4172	-5.2779	-23.1304	-7.8192	-23.6917	-10.3943	-24.0357	-13.0761	-24.5594	-15.3547	-25.0875	-17.4954	-24.6556	-20.5632	-24.1735	-23.4607	-23.7803	-26.0712	-22.9678	-28.8896	-21.9427	-31.6903	-22.2259	-33.2443	-22.6250	-34.6541	-23.1128	-35.9628
it04	1.4390	11/06/2017 08:42:34	Dico paga lentamente	a	73.0963	-77.2411	75.1999	81.1208	51.0778	52.8124	32.3456	4.3524	30.3486	4.9305	28.4386	5.8990	26.5065	6.9214	24.6326	8.5259	22.6785	10.1147	20.6185	11.4556	18.4396	12.0995	16.2367	12.8812	13.9918	13.6302	11.7012	14.5028	9.3337	15.8427	6.8676	17.3068	4.3726	18.1088	1.8709	18.4899	-0.6152	18.5190	-3.0085	17.9552	-5.5005	17.8319	-8.0093	17.6661	-10.4056	17.0206	-12.6796	15.9941	-14.5466	13.9031	-15.6960	10.2347	-16.5434	6.3258	-17.3441	2.7782	-18.3228	-0.0388	-19.6520	-1.9564	-21.0941	-3.5597	-22.5569	-5.0565	-23.5890	-7.1394	-24.0592	-9.8836	-24.4120	-12.5853	-24.8790	-14.9630	-25.1759	-17.3935	-24.9098	-20.2876	-24.3562	-23.2742	-23.6905	-26.1574	-22.7991	-29.0420	-21.9194	-31.7101	-21.9425	-33.4708	-22.5089	-34.7412	-22.9466	-36.0799
it04	1.1088	11/06/2017 08:42:40	Dico poto lentamente	O	71.5667	107.1129	108.9825	75.7539	-3.2303	3.6366	33.8619	9.5073	31.6462	9.8928	29.4280	10.2132	27.2104	10.4833	24.9698	10.5540	22.7408	10.5755	20.5312	10.6206	18.3296	10.6116	16.1327	10.4889	13.9499	10.4334	11.7712	10.4350	9.5837	10.5874	7.3540	11.0713	5.0644	11.7386	2.7415	12.2443	0.3627	12.7818	-2.0330	13.1223	-4.2752	12.5866	-6.4857	11.9343	-8.6085	11.0017	-10.5466	9.5678	-12.2141	7.5289	-14.1514	6.3801	-15.8804	4.8065	-17.5402	3.1928	-18.8888	1.0697	-19.5562	-2.1307	-19.8037	-5.7482	-19.9776	-9.1425	-19.7840	-12.7803	-20.0297	-15.4833	-20.8123	-17.2807	-21.4776	-19.1315	-22.3531	-20.6463	-23.3287	-22.0017	-23.6351	-24.0100	-23.3841	-26.4517	-22.9008	-28.9501	-22.3442	-31.3491	-21.8220	-33.5671	-22.1320	-35.0240	-22.9455	-36.0806
it04	1.1319	11/06/2017 08:42:45	Dico paca lentamente	a	66.6039	21.5134	21.1458	79.3622	107.5687	108.0566	31.8260	2.5860	29.8575	3.0523	27.8392	3.2853	25.8030	3.3615	23.8317	3.7095	21.8520	4.0040	19.8866	4.4512	17.9266	5.1603	15.9722	6.7999	13.9345	9.2662	11.7524	11.5243	9.4392	13.6261	7.0178	15.3805	4.6306	15.7330	2.2787	15.5645	-0.0840	15.4025	-2.4892	15.3825	-4.9886	15.6406	-7.5247	15.8431	-10.0229	15.7391	-12.3182	14.9053	-14.4582	13.6615	-16.2753	11.6804	-17.2453	7.9342	-18.2038	4.5959	-19.0997	1.4828	-19.8757	-1.5493	-20.7862	-4.0818	-22.2554	-5.5343	-23.3383	-7.5110	-24.1623	-9.7403	-24.9922	-11.8285	-25.9383	-13.6648	-26.7996	-15.5225	-27.9247	-17.0191	-29.3483	-18.1812	-30.2781	-19.8322	-31.3202	-21.3432	-32.7014	-22.5469	-34.1303	-23.7336	-35.3217	-25.1263	-37.1174	-26.1029
it04	1.2464	11/06/2017 08:42:50	Dico pudu lentamente	u	73.4750	19.0098	20.2082	78.2144	-45.4733	45.8978	34.1200	10.3850	31.9336	10.9923	29.7301	11.5306	27.5028	11.9628	25.2463	12.2164	22.9877	12.4008	20.7300	12.5227	18.4766	12.6008	16.2319	12.7718	13.9867	13.2392	11.7143	13.7431	9.4070	14.3025	7.0557	14.8954	4.6695	15.3743	2.2607	15.6934	-0.1688	15.9000	-2.5425	15.6464	-4.9276	15.3793	-6.8854	13.4381	-8.7157	11.3607	-10.4726	9.3448	-12.0695	7.1338	-13.4686	4.6761	-15.2975	3.4706	-16.4063	0.7954	-17.3997	-1.8463	-18.2654	-4.4799	-19.2452	-6.6954	-20.1667	-8.8429	-21.4067	-10.3747	-22.4849	-12.0713	-23.4282	-13.8686	-24.6182	-15.2826	-25.9659	-16.4832	-27.2021	-17.8026	-28.4991	-19.0476	-29.6105	-20.4733	-30.1851	-22.3687	-30.7013	-24.2467	-31.5999	-25.7552	-32.5563	-27.2014	-33.5441	-28.6187
it04	1.0084	11/06/2017 08:42:56	Dico pucu lentamente	u	66.7523	0.0189	0.7988	81.6784	50.0031	49.6909	31.3808	1.0726	29.5089	1.7192	27.6016	2.2491	25.6894	2.7867	23.7811	3.4049	21.9072	4.4119	19.8872	4.4567	17.9041	4.8558	15.9198	5.5951	13.8914	5.9844	11.8371	6.6041	9.7022	8.0943	7.4930	9.2889	5.1499	10.9516	2.6822	12.6702	0.1095	14.2672	-2.5565	15.7158	-5.3110	17.0206	-7.8643	17.1204	-10.3930	16.9784	-11.9935	13.9269	-13.0993	9.9481	-13.6474	5.1225	-14.0964	0.7179	-14.4829	-3.2713	-16.0176	-4.5530	-17.5032	-5.8670	-19.5714	-6.1422	-21.6534	-6.4878	-23.4869	-7.2907	-25.1155	-8.4157	-26.4510	-9.9257	-26.8578	-12.5380	-27.3084	-14.9362	-28.0225	-16.9132	-28.7873	-18.7536	-30.1472	-19.9580	-32.0648	-20.6704	-33.6976	-21.7002	-35.2131	-22.8685	-36.5557	-24.2003	-37.9556	-25.5128
it04	1.3373	11/06/2017 08:43:01	Dico pogo lentamente	O	64.8899	67.6145	68.1670	81.1589	81.2302	82.2839	32.0061	3.1983	30.0521	3.7963	28.0442	4.1793	26.0377	4.5491	23.9538	4.4438	21.8484	3.9777	19.7857	3.4852	17.7796	3.1720	15.8123	3.1221	13.8579	3.4337	11.8807	4.0666	9.8245	5.5237	7.5734	8.2588	5.1145	11.2771	2.4607	14.2589	-0.2872	16.5944	-2.9906	17.8664	-5.4496	17.6138	-7.8754	17.1623	-10.1474	16.1559	-12.6561	15.9233	-14.8734	14.7961	-16.7225	12.7962	-18.4767	10.7561	-19.9946	8.3822	-21.0060	5.2159	-21.7108	1.7904	-22.4444	-1.2697	-23.0116	-4.3363	-23.5645	-7.1757	-23.9097	-10.0914	-24.0207	-13.0957	-24.1869	-15.8111	-24.4047	-18.2822	-24.8117	-20.3939	-25.8594	-21.7407	-27.1413	-22.8441	-26.9077	-25.3299	-26.0056	-28.2374	-25.0019	-31.0265	-24.2888	-33.4055	-22.6892	-36.2610
it04	1.1579	11/06/2017 08:43:18	Dico putu lentamente	u	75.6812	50.8503	53.0102	80.1805	-36.7043	36.0771	34.9040	13.0502	32.6364	13.6801	30.3484	14.2266	28.0173	14.5664	25.6816	14.8344	23.3434	15.0308	21.0012	15.1185	18.6643	15.1387	16.3417	15.2957	14.0156	15.4382	11.6824	15.5974	9.3309	15.9016	6.9448	16.3173	4.5229	16.7244	2.0761	17.0178	-0.3908	17.2025	-2.8370	17.1054	-5.2772	16.8759	-7.6925	16.4741	-9.8422	15.1335	-11.7692	13.2511	-12.8034	9.1395	-13.6636	5.1629	-14.4984	1.6393	-15.3693	-1.3971	-16.3737	-3.8558	-18.1441	-4.7006	-19.7059	-5.9141	-21.1502	-7.2849	-22.3361	-8.9968	-23.0778	-11.2474	-23.9198	-13.2273	-24.8229	-15.0318	-25.1895	-17.3779	-25.6843	-19.4480	-26.1097	-21.4853	-26.3940	-23.5617	-26.4655	-25.7295	-27.2132	-27.2111	-28.1373	-28.5215	-29.1663	-29.7454	-30.1898	-30.9803
it04	1.1176	11/06/2017 08:43:24	Dico pugu lentamente	u	69.5109	-45.3699	46.0527	82.3764	24.3319	24.6927	33.2168	7.3145	31.1215	7.8864	28.9615	8.1792	26.7292	8.0483	24.4072	7.1700	22.2308	6.8044	20.1084	6.5736	18.0195	6.4166	15.9677	6.6951	13.9071	7.1808	11.8244	7.3403	9.7133	7.8615	7.4841	9.4037	5.0983	11.4261	2.5736	13.4489	-0.0680	15.3086	-2.7712	16.7796	-5.3385	17.1380	-8.0040	17.6458	-10.5850	17.6215	-13.0250	17.0345	-14.4534	13.6482	-15.3423	9.3519	-15.5088	3.9547	-15.4346	-1.2590	-15.5315	-5.5051	-16.7742	-7.1938	-18.3772	-8.1675	-20.1999	-8.7903	-21.9473	-9.5732	-23.2467	-11.0127	-23.9636	-13.1702	-24.9117	-14.9229	-26.1263	-16.2983	-27.1839	-17.8222	-28.6001	-18.9446	-29.4510	-20.6264	-29.4902	-22.9966	-29.0068	-25.6868	-28.6089	-28.1448	-28.7272	-30.0749	-28.5218	-32.1546
it04	1.1507	11/06/2017 08:43:29	Dico pada lentamente	a	70.1549	35.1395	35.9276	72.8370	-29.3114	29.2912	33.1408	7.0561	31.0316	7.5426	28.9029	7.9235	26.7616	8.2120	24.6068	8.3709	22.4575	8.4806	20.3205	8.6036	18.1895	8.7169	16.0588	8.7905	13.9299	8.9110	11.7936	9.1305	9.6396	9.4101	7.4570	9.7506	5.2480	10.0479	3.0200	10.2470	0.7821	10.3216	-1.4406	10.1868	-3.6030	9.7090	-5.7145	9.0331	-7.7214	8.0306	-9.5849	6.6703	-11.3489	5.1646	-13.0402	3.6072	-14.6921	2.0832	-16.2510	0.4671	-17.6571	-1.3423	-19.1389	-2.8903	-20.5518	-4.4794	-21.6783	-6.4484	-22.4631	-8.8085	-23.1181	-11.1914	-23.7291	-13.4761	-24.3895	-15.5629	-24.7581	-17.8750	-24.5506	-20.6770	-24.0392	-23.5977	-23.1405	-26.6855	-21.9458	-29.8130	-21.1838	-32.3353	-21.2027	-34.0618	-21.4342	-35.5477	-21.5722	-37.0475
it04	0.9858	11/06/2017 08:43:35	Dico poco lentamente	O	60.7749	61.0654	60.4773	79.0591	72.8793	73.2128	31.2068	0.4811	29.3139	0.9732	27.3314	1.0712	25.2239	0.4308	23.1531	-0.3720	21.1740	-1.0086	19.2898	-1.2606	17.4663	-1.0668	15.6687	-0.1789	13.8236	0.8210	11.9267	1.3908	9.9983	1.8681	7.9484	3.4518	5.7378	5.5379	3.2460	8.6254	0.4672	12.1690	-2.3695	14.7895	-4.9480	15.4665	-7.5688	16.0088	-9.7479	14.8180	-11.8284	13.4294	-13.8797	12.0805	-14.8422	8.1040	-14.9601	2.6974	-14.7095	-2.7921	-14.1040	-8.3005	-14.0151	-12.2151	-15.8572	-12.4412	-18.2646	-11.8560	-20.8939	-11.1348	-23.7501	-10.3132	-25.5477	-11.1039	-26.2581	-13.2729	-26.9135	-15.3912	-27.2379	-17.7637	-27.5041	-20.0627	-27.0247	-22.9560	-25.8588	-26.2776	-24.3648	-29.6319	-22.7808	-32.8010	-21.2818	-35.6621	-21.3739	-37.1871
it04	1.1873	11/06/2017 08:43:52	Dico paga lentamente	a	68.6397	-0.8736	0.3666	81.0205	65.0917	66.4112	32.0027	3.1868	30.0026	3.6071	28.0647	4.2686	26.1091	4.9103	24.1931	5.8826	22.2225	6.7436	20.2230	7.6711	18.2351	9.3337	16.1609	11.1373	13.9783	12.5999	11.6990	14.6294	9.3051	16.4447	6.8655	17.3339	4.3546	18.2743	1.8010	18.9913	-0.6952	18.9879	-3.1637	18.7240	-5.5808	18.1754	-7.9155	17.3130	-10.1852	16.2825	-12.1017	14.2530	-13.8189	11.9144	-15.0560	8.6374	-15.9290	4.9178	-16.7554	1.5336	-17.7929	-1.0763	-18.9579	-3.2197	-20.4009	-4.7354	-21.6889	-6.4316	-22.7207	-8.4267	-23.6168	-10.4984	-24.1515	-12.9251	-24.3297	-15.6361	-24.5740	-18.0872	-24.2929	-20.9564	-23.3092	-24.3424	-22.2851	-27.5068	-21.2740	-30.4199	-20.1839	-33.1851	-20.1637	-34.8919	-20.3777	-36.3405	-21.0810	-37.3933
it04	1.0190	11/06/2017 08:43:57	Dico poto lentamente	o	70.4384	132.0152	133.1291	75.4943	43.9606	44.7159	33.5665	8.5032	31.4039	8.9661	29.2120	9.2714	27.0018	9.4275	24.7932	9.4918	22.5843	9.4183	20.4019	9.3833	18.2319	9.2905	16.0722	9.0986	13.9301	8.9290	11.7979	8.8803	9.6704	8.7642	7.5129	9.0347	5.3390	9.2095	3.1160	9.5583	0.7898	10.2766	-1.6257	11.1042	-3.9852	11.3453	-6.3621	11.4695	-8.7607	11.5114	-10.9070	10.6536	-12.9363	9.5026	-14.8882	8.2189	-16.8436	7.0138	-18.3752	4.9583	-19.7923	2.8391	-20.9561	0.4169	-22.0247	-1.9815	-22.6743	-4.8706	-22.8905	-8.1749	-23.1519	-11.1445	-23.6993	-13.5149	-24.7723	-15.0938	-26.3890	-15.9956	-28.3282	-16.5818	-29.9221	-17.5958	-30.8475	-19.2856	-31.3956	-21.2751	-31.3526	-23.6931	-30.9245	-26.2948	-31.5985	-27.9202	-31.8428	-29.8165
it04	1.5218	11/06/2017 08:44:03	Dico paca lentamente	a	67.2334	22.0776	21.9330	82.3254	72.9392	74.4843	31.9009	2.8407	29.9495	3.4042	28.0678	4.2821	26.0712	4.7188	24.0634	5.1025	22.0485	5.4566	20.0247	5.7729	17.9905	6.0254	15.9738	6.8368	13.9192	8.0984	11.7781	10.0326	9.4815	12.7348	7.0319	15.2004	4.4799	17.1201	1.8555	18.6002	-0.7210	19.1395	-3.1526	18.6691	-5.7284	18.8071	-8.3448	18.9280	-10.7854	18.2926	-13.0997	17.2596	-15.4365	16.3350	-16.9018	13.2436	-17.6973	8.9701	-18.2209	4.6319	-18.8359	0.9661	-19.3999	-2.4152	-20.5144	-4.5429	-21.9613	-6.0000	-23.2605	-7.6264	-24.2438	-9.6271	-25.2066	-11.5489	-26.3377	-13.1754	-27.8241	-14.3419	-29.1369	-15.7050	-29.3360	-18.1938	-28.3804	-21.6544	-26.2690	-25.9069	-23.9063	-30.0215	-21.7945	-33.5890	-21.0370	-35.8458	-20.9198	-37.5068
it04	1.2167	11/06/2017 08:44:08	Dico pudu lentamente	u	74.5367	44.7777	46.2343	79.6613	-22.9289	22.8296	34.4279	11.4315	32.2093	12.0465	29.9656	12.5576	27.6853	12.8864	25.4007	13.1452	23.1139	13.3338	20.8279	13.4598	18.5494	13.5849	16.2743	13.7448	13.9945	13.8357	11.7102	13.9781	9.4123	14.1899	7.0742	14.6581	4.6764	15.3114	2.2105	16.0536	-0.2924	16.6252	-2.8651	17.2446	-5.3711	17.2778	-7.6716	16.3956	-9.8114	15.0307	-11.6405	12.8634	-12.8171	9.1766	-13.5146	4.7909	-13.9290	0.3344	-14.4442	-3.3531	-15.2816	-5.9943	-16.4690	-7.7493	-17.8258	-9.1026	-19.3711	-10.1031	-20.3861	-11.8877	-21.1695	-13.8993	-21.8649	-15.9077	-22.6529	-17.6911	-23.7561	-19.0296	-24.9848	-20.2063	-26.3229	-21.2678	-27.4884	-22.5109	-28.3219	-24.0521	-28.5936	-26.0379	-28.9221	-27.8946	-29.2455	-29.6860	-29.9381	-31.1575
it04	1.2385	11/06/2017 08:44:13	Dico pucu lentamente	u	69.7680	-10.6596	11.4055	75.3824	56.0477	56.4898	32.9685	6.4703	30.9257	7.1373	28.7873	7.4197	26.5810	7.2980	24.4134	7.2078	22.2743	7.1260	20.1653	7.1186	18.0783	7.2125	16.0033	7.5140	13.9142	7.7203	11.8186	7.6786	9.7324	7.4603	7.5942	7.9919	5.2575	9.9603	2.7552	12.1462	0.0825	14.4258	-2.5834	15.8490	-4.8939	15.2350	-6.3518	11.4305	-7.3687	6.8492	-7.9868	1.8556	-8.7558	-1.9218	-9.4273	-5.4089	-10.7809	-6.8800	-12.2865	-7.9152	-13.7912	-8.9131	-15.6299	-9.2762	-17.7658	-9.2044	-19.7634	-9.4817	-21.5752	-10.1249	-23.1104	-11.2021	-24.1531	-12.9230	-24.7080	-15.1725	-25.1732	-17.3966	-26.0303	-19.0729	-26.4547	-21.1333	-26.8703	-23.1043	-27.3211	-24.9564	-26.3587	-27.9373	-24.7064	-31.2626	-24.3908	-33.3290	-23.6919	-35.5551
it04	1.3443	11/06/2017 08:44:19	Dico pogo lentamente	O	65.6617	70.7605	71.5925	82.3653	59.4979	60.4163	32.1873	3.8145	30.2019	4.3694	28.2090	4.8981	26.1359	5.0461	24.0558	5.0569	21.9513	4.7378	19.8671	4.2646	17.8422	4.0188	15.8578	4.1682	13.8714	4.4562	11.8622	5.1431	9.7814	6.4284	7.5220	8.9176	4.9984	12.3466	2.2881	15.4968	-0.5233	17.9799	-3.3530	19.6621	-5.8614	19.3765	-8.1431	18.1691	-10.4448	17.1518	-12.7085	16.0810	-14.5920	14.0271	-16.0807	11.1947	-16.4602	6.1351	-16.4552	0.8987	-16.3104	-3.9796	-16.3602	-7.9473	-17.2931	-10.0060	-19.1144	-10.5099	-20.6802	-11.4517	-21.7360	-13.1121	-22.4986	-15.0811	-22.9272	-17.3550	-23.4947	-19.3309	-24.6913	-20.5244	-26.0552	-21.5409	-26.8943	-23.0813	-26.4926	-25.7049	-25.3994	-28.7526	-24.6253	-31.3274	-24.0859	-33.5578	-23.3359	-35.8058
it04	1.3481	11/06/2017 08:44:25	Dico podo lentamente	O	70.7201	81.5622	83.7128	75.4885	-10.6490	10.2217	33.3832	7.8799	31.2682	8.4475	29.1702	9.0892	27.0176	9.5077	24.8317	9.7234	22.6318	9.7696	20.4373	9.7217	18.2508	9.5454	16.0902	9.5131	13.9396	9.6511	11.7808	9.8728	9.6026	10.1901	7.3916	10.5894	5.1469	10.9784	2.8617	11.3826	0.5239	11.8365	-1.8174	12.0541	-4.1370	11.9948	-6.4957	11.9719	-8.6137	11.0191	-10.6149	9.7734	-12.5482	8.4420	-14.3552	6.8887	-15.9081	4.8699	-17.2642	2.6092	-18.3483	0.0113	-18.9963	-3.1498	-19.7878	-5.7751	-20.0914	-8.9622	-20.5483	-11.6472	-21.1381	-13.9430	-21.7233	-16.0924	-22.4714	-17.9136	-23.7519	-19.0344	-25.1408	-20.0372	-26.5924	-20.9928	-27.8881	-22.1270	-28.5937	-23.8066	-28.7109	-25.9383	-28.4754	-28.2514	-28.6091	-30.1635	-28.3986	-32.2414
it04	1.1706	11/06/2017 08:44:30	Dico pata lentamente	a	72.3698	63.6075	64.0900	74.5466	3.0046	3.1796	33.8293	9.3966	31.6759	10.0066	29.4921	10.4929	27.2722	10.7959	25.0428	10.9929	22.7927	10.9586	20.5438	10.7408	18.3234	10.5284	16.1262	10.3412	13.9470	10.2187	11.7737	10.2853	9.5868	10.5210	7.3666	10.9095	5.1116	11.3036	2.8399	11.5387	0.5564	11.6457	-1.6976	11.4606	-3.9353	11.1314	-6.1545	10.6885	-8.1788	9.5626	-10.1618	8.4085	-11.9970	6.9356	-13.5996	5.0030	-15.1075	3.0351	-16.8249	1.6805	-18.3877	0.0884	-19.9547	-1.4055	-21.5557	-2.7769	-23.0302	-4.3068	-24.2008	-6.2324	-25.5336	-7.8347	-26.7034	-9.5965	-27.0903	-12.2530	-26.3416	-16.0502	-24.7787	-20.4297	-22.5844	-25.0819	-20.4208	-29.2969	-19.1259	-32.3608	-19.1294	-34.0813	-19.6134	-35.3316	-20.4595	-36.2791	-21.2148	-37.2992
it04	1.1902	11/06/2017 08:44:35	Dico putu lentamente	u	76.8723	49.4030	51.0687	81.7461	-28.6961	27.9678	35.0417	13.5182	32.7591	14.1490	30.4448	14.6474	28.1178	15.0751	25.7783	15.4158	23.4224	15.6148	21.0728	15.8033	18.7338	16.0796	16.3836	16.2599	14.0281	16.3912	11.6648	16.6216	9.2820	16.9318	6.8702	17.2732	4.4170	17.6997	1.9195	18.1410	-0.5932	18.3899	-3.0803	18.3111	-5.5445	18.0202	-7.9535	17.4560	-10.1030	16.0073	-11.8092	13.3718	-13.0705	9.8692	-13.8551	5.6406	-14.3738	1.3538	-15.0154	-2.1454	-16.1313	-4.3305	-17.4744	-5.9195	-19.1130	-6.9195	-20.4933	-8.3256	-21.6281	-10.0464	-22.5383	-11.9972	-23.4055	-13.8981	-24.3908	-15.5613	-25.5928	-16.9131	-26.6832	-18.3650	-27.2761	-20.2953	-26.6463	-23.3194	-25.1389	-26.9280	-23.3442	-30.4993	-21.6817	-33.6791	-20.7952	-36.0272	-20.5963	-37.7346
it04	1.4953	11/06/2017 08:44:41	Dico pugu lentamente	u	71.3329	-15.7790	16.1517	83.1507	45.4028	44.9969	33.7944	9.2780	31.3910	8.9171	29.1191	8.8666	26.8985	8.9050	24.6880	8.8593	22.4617	8.5119	20.3349	8.7413	18.1895	8.7161	16.0429	8.4242	13.9217	8.2894	11.8011	8.6945	9.6416	9.3696	7.3935	10.5654	5.0169	12.1758	2.4521	14.3205	-0.2581	16.4238	-2.9747	17.7876	-5.6295	18.3839	-8.2078	18.4125	-10.5940	17.6516	-12.7607	16.2382	-14.9324	14.9573	-16.6199	12.5402	-17.5179	8.5590	-18.1454	4.4724	-18.9307	1.1519	-19.7108	-1.8495	-20.8029	-4.0536	-22.5101	-5.1308	-24.0151	-6.5077	-24.8874	-8.7327	-25.0282	-11.7816	-24.6583	-15.2334	-24.0391	-18.7035	-23.4556	-21.8641	-23.7186	-23.9247	-24.9167	-24.9801	-26.4965	-25.7014	-28.1546	-26.4110	-29.5581	-27.3864	-30.5495	-28.7074	-31.4045	-30.1251
it04	1.3026	11/06/2017 08:44:46	Dico pada lentamente	a	72.2151	48.5058	49.4378	73.0687	-14.1636	14.5348	33.8951	9.6204	31.7244	10.1920	29.5163	10.5986	27.2951	10.9119	25.0590	11.0905	22.7967	10.9887	20.5599	10.8953	18.3516	10.9098	16.1502	10.8920	13.9565	10.9408	11.7599	11.0906	9.5533	11.2256	7.3288	11.3947	5.0850	11.5485	2.8275	11.6277	0.5591	11.6298	-1.6074	11.0132	-3.7049	10.1453	-5.6926	8.9509	-7.5249	7.3724	-9.2216	5.5759	-10.9952	4.1981	-12.6177	2.5528	-14.2365	1.0390	-15.8898	-0.2966	-17.3305	-1.9819	-18.7439	-3.6091	-20.1382	-5.1809	-21.2156	-7.1813	-22.0402	-9.4354	-23.0993	-11.2175	-24.2440	-12.8044	-25.2270	-14.5365	-25.3813	-17.1569	-24.7951	-20.4119	-23.6486	-23.9961	-21.9079	-27.8690	-20.0758	-31.5025	-19.6842	-33.6098	-19.7431	-35.2279	-19.8520	-36.7350	-20.3356	-37.9181
it04	1.1728	11/06/2017 08:44:51	Dico poco lentamente	o	64.5576	65.1204	64.9010	81.6761	51.9915	52.0990	32.3910	4.5069	30.3964	5.1133	28.2383	5.0257	26.1021	4.8747	23.9704	4.5433	21.8314	3.8521	19.7495	3.1394	17.7626	2.9419	15.8024	2.8940	13.8519	2.9707	11.8912	3.4587	9.8283	5.4438	7.5715	8.2832	5.1481	10.9679	2.4469	14.3580	-0.3744	17.1064	-2.9193	17.5136	-5.3613	17.2359	-7.7817	16.8097	-9.9205	15.3959	-12.2187	14.6055	-14.5208	13.8325	-16.8499	13.1141	-18.4997	10.8089	-20.0091	8.4127	-21.3179	5.8267	-22.0397	2.3890	-22.5128	-1.1538	-22.8196	-4.6404	-22.6873	-8.4762	-22.5161	-12.0280	-22.6534	-14.8792	-23.1864	-17.0373	-24.2172	-18.4983	-25.4855	-19.6635	-26.6459	-20.9383	-27.3582	-22.6358	-26.8538	-25.3786	-25.9034	-28.3243	-24.7243	-31.2483	-23.9643	-33.6490	-22.9193	-36.0990
it04	1.8193	11/06/2017 08:45:09	Dico paga lentamente	a	67.5275	18.2791	18.5165	80.2683	93.9379	94.6903	31.9009	2.8407	29.9227	3.3016	27.9428	3.7372	25.9602	4.1569	23.9778	4.5882	21.9865	4.9986	20.0044	5.5789	18.0207	6.4335	15.9977	7.3853	13.9287	8.8251	11.7612	11.0154	9.4677	13.0257	7.0667	14.7545	4.5713	16.2786	2.0805	16.9861	-0.3703	17.0823	-2.8437	17.1389	-5.2620	16.8107	-7.6690	16.3859	-9.9210	15.3977	-12.1690	14.4558	-14.1313	12.7682	-15.5420	9.8503	-16.6618	6.5972	-17.7220	3.5772	-18.5569	0.4197	-19.4584	-2.3088	-20.6867	-4.2507	-21.9228	-6.0611	-22.8228	-8.2752	-23.5305	-10.6183	-24.2974	-12.7348	-25.2175	-14.5482	-26.2315	-16.1771	-26.3505	-18.7258	-25.7335	-21.8691	-24.8302	-25.0631	-23.6086	-28.3106	-22.3477	-31.3461	-22.1635	-33.2942	-22.7802	-34.5376	-23.4207	-35.7461
it04	1.2508	11/06/2017 08:45:14	Dico poto lentamente	O	68.6732	155.5666	155.5031	75.6908	19.0080	19.3182	32.7312	5.6636	30.6671	6.1484	28.5803	6.5170	26.4821	6.7976	24.3718	6.9574	22.2643	7.0521	20.1641	7.1066	18.0776	7.2032	15.9940	7.3008	13.9086	7.2937	11.8254	7.2848	9.7386	7.3286	7.6317	7.5112	5.4913	7.8079	3.2557	8.5557	0.9345	9.4278	-1.4782	10.3733	-3.9025	10.9911	-6.3371	11.3753	-8.6835	11.2530	-10.8738	10.5537	-12.7851	9.0894	-14.2937	6.7353	-15.3854	3.6721	-16.0948	0.1369	-16.9822	-2.6640	-17.9209	-5.1069	-19.5749	-6.1362	-21.4538	-6.8040	-23.1484	-7.7925	-24.2799	-9.5769	-24.7973	-12.0828	-24.8687	-14.9756	-24.9738	-17.6264	-25.4109	-19.7444	-26.4135	-21.1753	-27.4183	-22.5782	-26.9842	-25.2607	-26.0530	-28.1971	-24.7844	-31.2003	-23.8168	-33.7598	-22.3169	-36.5232
it04	1.2058	11/06/2017 08:45:20	Dico paca lentamente	a	66.9716	30.6065	30.4719	80.5637	98.0963	98.9278	31.7207	2.2282	29.8731	3.1120	27.9542	3.7868	25.9718	4.2153	23.9824	4.6156	21.9776	4.9328	19.9625	5.1781	17.9683	5.7245	15.9723	6.8023	13.9260	8.6128	11.7626	10.9327	9.4577	13.2373	7.0138	15.4321	4.4785	17.1329	1.9476	17.9396	-0.5327	18.0351	-2.9747	17.7876	-5.3936	17.3743	-7.7742	16.7815	-10.0375	15.7880	-12.1841	14.5012	-14.2371	13.0573	-15.7023	10.2504	-16.9751	7.3150	-18.1034	4.3837	-19.0447	1.3751	-19.8792	-1.5429	-21.1505	-3.4641	-22.2417	-5.5559	-23.1965	-7.7212	-24.1361	-9.7767	-24.4556	-12.5284	-24.1553	-15.8499	-23.4899	-19.3364	-22.5706	-22.8236	-21.6913	-25.9931	-21.3371	-28.4171	-21.0070	-30.6612	-21.0200	-32.4745	-21.1060	-34.1391	-21.3141	-35.6378	-21.4330	-37.1455
it04	1.2633	11/06/2017 08:45:25	Dico pudu lentamente	u	74.9248	51.1671	53.2565	79.6200	-27.4861	27.5090	34.4729	11.5847	32.2500	12.2021	30.0084	12.7441	27.7362	13.1442	25.4533	13.4617	23.1595	13.6709	20.8687	13.8503	18.5750	13.9308	16.2879	14.0583	14.0006	14.2957	11.6993	14.6159	9.3747	14.9826	7.0020	15.5829	4.5791	16.2071	2.1339	16.6035	-0.3367	16.8852	-2.8244	17.0431	-5.2110	16.5927	-7.5518	15.9447	-9.7744	14.9066	-11.6712	12.9558	-13.2076	10.2439	-14.5034	7.2586	-15.4549	3.8313	-16.1422	0.2371	-16.9623	-2.7030	-17.9417	-5.0690	-18.9380	-7.2164	-19.8061	-9.4141	-20.5974	-11.5744	-21.3715	-13.6186	-22.2490	-15.4066	-23.2597	-16.9475	-24.5599	-18.1034	-26.0380	-19.0646	-27.2084	-20.3644	-28.0750	-21.9476	-28.9200	-23.5118	-29.4606	-25.3011	-29.1480	-27.7141	-29.6096	-29.4127	-29.8283	-31.2348
it04	1.2543	11/06/2017 08:45:30	Dico pucu lentamente	u	68.3902	-8.3247	8.0974	82.5446	25.5819	26.2762	32.8637	6.1139	30.8021	6.6648	28.6277	6.7236	26.4535	6.6532	24.3477	6.8125	22.2291	6.7921	20.1222	6.7065	18.0400	6.6947	15.9623	6.5718	13.8951	6.2624	11.8452	6.1335	9.7806	6.4457	7.6707	7.0115	5.4079	8.5752	2.9368	10.8436	0.2466	13.4633	-2.6091	15.9762	-5.5596	18.0848	-8.2400	18.5339	-10.1446	16.1467	-11.4029	12.1475	-12.0580	7.1025	-12.2391	1.6079	-12.3818	-3.2111	-13.3322	-5.7042	-14.4278	-7.6665	-16.1234	-8.3781	-18.2367	-8.4057	-20.1708	-8.8365	-22.0186	-9.4674	-23.7900	-10.2577	-24.9537	-11.8787	-25.3918	-14.3346	-26.1293	-16.2948	-27.1205	-17.8910	-27.8298	-19.7304	-28.8970	-21.1584	-30.3585	-22.2121	-31.0250	-23.9716	-31.6063	-25.7501	-32.4885	-27.2524	-33.2636	-28.8162
it04	1.3701	11/06/2017 08:45:36	Dico pogo lentamente	O	63.4681	79.8824	80.4083	80.9829	50.4568	50.6032	30.9768	-0.3008	29.2300	0.6523	27.3574	1.1845	25.5446	2.0535	23.6233	2.4560	21.6027	2.1605	19.6299	1.9944	17.6940	2.0134	15.7628	1.9838	13.8428	2.2838	11.9030	2.7709	9.9488	2.9087	7.9729	3.1366	5.8085	4.8871	3.4090	7.4565	0.8290	10.0466	-2.0807	13.3583	-5.0429	15.8729	-7.5626	15.9855	-10.0006	15.6643	-12.4092	15.1795	-14.4816	13.7253	-16.5948	12.4775	-18.3248	10.4080	-19.2935	6.9000	-19.3016	1.8781	-18.9453	-3.2425	-18.5839	-7.8169	-19.0581	-10.5990	-20.1580	-12.2258	-21.6433	-13.2409	-22.9426	-14.5019	-23.8457	-16.2293	-24.2938	-18.4100	-24.7171	-20.4965	-25.6093	-21.9959	-26.4444	-23.5132	-26.1497	-26.0148	-25.3442	-28.7995	-24.4540	-31.4643	-23.7961	-33.7752	-22.8226	-36.1672
it04	1.3027	11/06/2017 08:45:41	Dico podo lentamente	O	71.5976	88.0164	90.0419	75.7727	-0.7529	0.6552	33.6166	8.6736	31.4805	9.2594	29.2957	9.6366	27.1043	9.9465	24.9091	10.1889	22.7102	10.3490	20.5118	10.4350	18.3277	10.5858	16.1435	10.7382	13.9552	10.8380	11.7626	10.9355	9.5606	11.0712	7.3341	11.3266	5.0586	11.7923	2.7429	12.2343	0.3857	12.6472	-2.0010	12.9634	-4.3553	12.9296	-6.5252	12.0831	-8.5822	10.9136	-10.4355	9.2332	-12.2477	7.6208	-13.6772	5.1966	-15.0050	2.8002	-16.3080	0.5875	-17.5943	-1.4653	-18.7048	-3.6802	-19.7327	-5.8686	-20.8799	-7.7131	-21.7277	-9.8988	-22.3139	-12.3090	-22.8929	-14.5668	-23.6370	-16.4850	-24.5969	-18.0608	-25.7776	-19.3468	-27.1810	-20.3923	-28.7961	-21.2552	-30.3305	-22.2373	-32.1098	-23.0496	-33.9500	-23.8776	-35.4579	-25.0241	-37.1388	-26.0879
it04	1.2651	11/06/2017 08:45:46	Dico pata lentamente	a	72.5731	70.9976	71.5258	72.8917	2.5930	2.1783	33.8177	9.3571	31.6366	9.8562	29.4193	10.1755	27.1939	10.3998	24.9943	10.7009	22.7758	10.8341	20.5461	10.7634	18.3353	10.6889	16.1356	10.5564	13.9479	10.2845	11.7763	10.1350	9.6048	10.1437	7.4284	10.1172	5.2543	9.9895	3.0581	9.9737	0.8483	9.9336	-1.3576	9.7756	-3.5845	9.6298	-5.7214	9.0592	-7.6907	7.9277	-9.4861	6.3729	-11.1162	4.5286	-12.5453	2.3721	-14.0978	0.7212	-15.6655	-0.7709	-17.1283	-2.3780	-18.8401	-3.4340	-20.4902	-4.5838	-21.8867	-6.1182	-23.2409	-7.6554	-24.5753	-9.1665	-25.4193	-11.2714	-25.9908	-13.6004	-26.3991	-15.9840	-26.3215	-18.7572	-25.9072	-21.6919	-25.0409	-24.8608	-23.6737	-28.2518	-22.7702	-30.9870	-21.8118	-33.5752	-21.3354	-35.6218	-21.3951	-37.1722
it04	1.2026	11/06/2017 08:45:52	Dico putu lentamente	u	77.6525	36.7500	38.9713	80.4079	-57.2585	56.5103	35.3801	14.6686	33.0688	15.3335	30.7326	15.9023	28.3763	16.3832	25.9854	16.6613	23.5869	16.8304	21.1823	16.8512	18.7988	16.9592	16.4229	17.1632	14.0430	17.5251	11.6403	18.0462	9.2071	18.5065	6.7543	18.7594	4.2903	18.8658	1.8170	18.8768	-0.7138	19.0974	-3.1648	18.7297	-5.5881	18.2068	-7.9046	17.2720	-9.5336	14.1001	-10.9800	10.8735	-11.8754	6.6033	-12.5412	2.3619	-13.1966	-1.3439	-14.4308	-3.3814	-15.5368	-5.4946	-17.2862	-6.2620	-18.8993	-7.2819	-20.3636	-8.5310	-21.6298	-10.0438	-22.7512	-11.7012	-23.3674	-13.9479	-23.6971	-16.4114	-24.3861	-18.3037	-24.9316	-20.2640	-25.1225	-22.4925	-25.6254	-24.2996	-25.5794	-26.5301	-24.1321	-29.8296	-22.9043	-32.7023	-22.2148	-34.9619	-21.5645	-37.0529
it04	1.1724	11/06/2017 08:45:58	Dico pugu lentamente	u	70.5223	-3.2578	3.5452	69.1698	124.7134	125.5069	33.5271	8.3693	31.4020	8.9591	29.2495	9.4348	27.0016	9.4266	24.7545	9.2589	22.5384	9.0788	20.3542	8.9267	18.1765	8.5411	16.0379	8.3098	13.9206	8.2052	11.8082	8.2798	9.6894	8.3638	7.5214	8.9245	5.1444	11.0019	2.6144	13.1561	0.2745	13.2992	-1.9436	12.6792	-3.8181	10.6298	-4.9770	6.2589	-5.8049	1.6120	-6.5888	-2.3561	-7.0989	-6.4497	-7.9842	-9.0101	-9.7509	-9.2402	-11.7576	-9.0333	-14.6558	-7.2199	-17.6808	-5.5439	-20.4373	-4.6736	-22.2220	-5.5872	-23.6896	-6.9903	-25.0982	-8.4398	-26.0072	-10.5046	-26.3725	-13.1327	-27.0087	-15.2815	-27.3156	-17.6795	-27.1854	-20.3879	-27.6952	-22.3122	-28.3197	-24.0541	-28.7374	-25.9157	-29.3568	-27.5473	-30.1272	-29.0243	-30.9001	-30.4802
it04	1.4363	11/06/2017 08:46:03	Dico pada lentamente	a	72.1606	34.9251	35.6586	72.3584	-16.8797	16.9617	33.7828	9.2386	31.5957	9.6998	29.4092	10.1315	27.1837	10.3480	24.9571	10.4774	22.7264	10.4684	20.5120	10.4368	18.3156	10.4227	16.1308	10.4457	13.9506	10.4875	11.7678	10.6305	9.5751	10.7665	7.3700	10.8662	5.1533	10.9199	2.9326	10.8737	0.7104	10.7421	-1.4741	10.3529	-3.6231	9.7949	-5.6401	8.7535	-7.5826	7.5657	-9.3794	6.0512	-11.1283	4.5616	-12.7075	2.7768	-14.3458	1.2896	-15.8611	-0.3572	-17.1921	-2.2530	-18.5385	-3.9830	-19.9649	-5.4748	-21.2244	-7.1674	-22.4215	-8.8701	-23.5626	-10.5738	-24.4387	-12.5504	-25.1287	-14.6570	-25.5904	-16.9159	-25.5437	-19.6004	-24.8116	-22.8096	-23.3804	-26.4552	-21.7800	-29.9628	-20.3676	-33.0289	-19.8690	-35.1273	-19.9331	-36.6741	-20.8204	-37.5768
it04	1.0734	11/06/2017 08:46:09	Dico poco lentamente	O	64.6274	56.8323	56.6296	81.4018	72.7734	73.8100	31.7459	2.3138	29.8053	2.8528	27.8407	3.2917	25.7881	3.2861	23.7573	3.2619	21.7134	2.9790	19.7082	2.7436	17.7408	2.6475	15.8003	2.8470	13.8537	3.1144	11.8883	3.6237	9.8831	4.2905	7.7307	6.2418	5.3144	9.4361	2.6445	12.9401	-0.1848	15.9942	-3.1010	18.4134	-5.8456	19.3089	-8.2145	18.4380	-10.3643	16.8823	-12.5895	15.7226	-14.7876	14.5615	-16.5719	12.4204	-18.0965	9.8849	-18.5591	5.3470	-18.5986	0.5014	-18.9210	-3.2868	-18.9746	-7.1544	-19.1406	-10.4683	-20.2002	-12.1633	-20.9687	-14.1784	-21.3951	-16.5204	-22.3595	-18.0508	-23.3637	-19.4818	-24.5481	-20.6797	-25.7749	-21.8269	-26.7174	-23.2511	-27.9310	-24.4054	-29.3317	-25.4106	-29.4031	-27.5103	-30.0845	-29.0564	-30.8408	-30.5220
