pl03	1.6046	24/03/2017 14:44:27	Mowie paka teraz	a	66.6339	45.8817	46.3456	81.6818	91.8347	93.2526	59.1101	-14.7758	*	*	*	*	*	*	*	*	*	*	*	*	44.6064	-7.5252	43.1332	-5.2848	41.0257	-4.3140	39.0727	-2.9130	37.3819	-0.5922	35.2869	0.7744	33.1605	2.2180	30.9771	3.6827	28.8179	5.6416	26.5873	7.8427	24.2068	9.8666	21.6901	11.7062	19.0298	12.8842	16.3028	14.7910	13.4514	16.4341	10.5274	17.2929	7.6592	16.8039	4.7719	16.5783	1.9935	15.6327	-0.7234	14.5510	-3.4366	13.6108	-5.8418	11.6283	-8.3575	10.2943	-9.8713	6.2264	*	*	*	*	*	*	-17.0198	-3.0493	-18.7454	-5.0058	-20.6784	-6.5064	-22.4251	-8.2563	-23.5721	-10.7900	*	*	*	*	-27.7770	-16.6748
pl03	1.2401	24/03/2017 14:44:32	Mowie poko teraz	O	58.1364	16.9917	16.7415	81.1483	71.4667	71.2859	51.3891	-23.8146	*	*	*	*	48.0643	-18.4744	45.2958	-19.0929	43.7640	-17.8893	42.3583	-16.4168	40.8908	-14.9699	39.4608	-13.3335	37.9276	-11.7828	36.3023	-10.3104	34.4570	-9.3167	32.7559	-7.7502	30.8319	-6.7606	29.0060	-5.1775	27.0273	-3.9779	25.0264	-2.5427	23.0588	-0.1322	20.8988	1.7683	18.6528	4.4371	16.2194	6.2270	13.6482	8.6031	10.9245	10.6792	8.0852	12.3259	5.1752	13.4861	2.2278	14.2221	-0.6816	14.3444	-3.4763	13.7769	-6.2317	13.0419	-8.9090	12.0521	-11.3834	10.5167	-13.7261	8.7649	-15.7616	6.4395	-17.5682	3.8477	-19.6270	1.9795	-21.0231	-0.9638	-22.6319	-3.3059	-23.5551	-6.5423	-25.2733	-8.3957	-26.5597	-10.7548	-28.1364	-12.6402	-29.3788	-14.8569
pl03	1.1465	24/03/2017 14:44:36	Mowie pugu teraz	u	58.1351	-4.9366	6.4215	84.2692	34.0460	34.2577	59.4375	-14.3925	*	*	*	*	*	*	*	*	45.8969	-14.2708	43.6363	-14.0651	41.7592	-13.2300	39.7480	-12.7040	37.8625	-11.9399	35.9827	-11.1637	34.1329	-10.2834	32.5433	-8.4664	30.8555	-6.6695	29.0484	-4.9870	26.9780	-4.2431	24.9250	-3.2172	22.8755	-1.7280	20.8944	1.7131	18.6780	5.0020	16.2398	8.3168	13.6047	10.3328	10.7930	12.8688	7.8539	14.7574	4.7974	16.3826	1.7947	16.8300	-1.3042	17.4247	-4.1696	16.6821	-7.1613	16.4120	-9.9283	15.3010	-12.6081	13.9914	-14.6543	11.1319	-15.3855	5.5708	-15.8024	0.1301	-15.2241	-6.5129	-15.5969	-10.5930	-15.7652	-14.5560	-16.9621	-16.5426	-17.9903	-18.6463	-18.6430	-21.1128	-19.0939	-23.6534	-19.8922	-25.6229
pl03	1.3349	24/03/2017 14:44:40	Mowie podo teraz	O	70.4260	160.6384	163.1284	74.6779	-30.6941	30.6485	67.3205	-5.1640	64.8574	-3.7949	62.3547	-2.5337	59.8758	-1.2962	57.4361	-0.0472	54.8725	0.9563	52.4531	2.1594	49.6549	2.5903	46.7509	2.6439	43.8895	2.5901	40.8607	1.8615	37.1068	-1.4127	34.1590	-3.0244	31.9569	-2.4228	29.5639	-2.6698	27.3187	-2.4124	25.0863	-2.1440	22.8935	-1.5717	20.6724	-1.0740	18.4286	-0.5862	16.1611	0.2347	13.8125	2.0631	11.2986	4.4511	8.6576	6.3091	5.9051	7.8902	3.3393	7.5288	0.5513	8.2441	-2.1905	8.3894	-4.9137	8.2637	-7.5534	7.7311	-10.0890	6.8443	-12.6610	6.0489	-15.0886	4.8851	-16.9768	2.6026	-18.1942	-0.7841	-19.5808	-3.5233	-20.3865	-6.9847	-21.2714	-10.0062	-22.1020	-12.8591	-23.3071	-15.0105	-23.9598	-17.7271	-23.2798	-21.7785
pl03	1.2321	24/03/2017 14:44:44	Mowie putu teraz	u	73.1999	105.9016	108.6533	83.8912	-14.1004	12.8129	68.6157	-3.6476	*	*	*	*	*	*	*	*	52.4785	-3.1052	48.2404	-5.5927	44.1238	-8.4921	40.5748	-10.8920	43.4933	1.6348	41.1186	2.5501	38.7537	3.4997	36.2832	4.1300	33.8455	4.8594	31.4674	5.8866	29.0228	6.7421	26.6581	8.3141	24.2285	10.0554	21.7495	12.4519	19.0739	13.8727	16.3107	15.5986	13.4550	16.2925	10.5179	17.4512	7.5670	17.7730	4.6045	17.8618	1.6140	17.9178	-1.2887	17.3481	-4.1321	16.5247	-6.7944	15.0820	-9.4683	13.8350	-11.6325	11.2234	-13.7188	8.7463	-15.2759	5.3179	-16.3338	1.2489	-17.5882	-1.9529	-18.6277	-5.2146	-19.4511	-8.5172	-20.0412	-11.8722	-20.6988	-14.8341	-21.2021	-17.7645	-21.9231	-20.2076	-22.9218	-22.1848
pl03	1.3181	24/03/2017 14:44:48	Mowie poto teraz	O	74.6035	52.8191	54.6181	75.3718	-34.3935	34.7082	66.0938	-6.6000	62.8311	-6.3418	61.0089	-4.3518	58.7432	-2.9434	56.5155	-1.4914	54.1892	-0.2031	51.8538	1.0566	49.3178	1.9148	46.6416	2.4044	43.7913	2.3534	40.8148	1.7387	37.8508	0.8065	35.0834	0.0891	32.4682	-0.4514	30.0958	-0.2791	27.7045	-0.3400	25.3738	-0.2314	23.0677	-0.0545	20.7620	0.0510	18.4828	0.6263	16.1702	1.1715	13.8148	1.9730	11.3525	3.5531	8.7505	5.3327	6.0487	6.7893	3.2420	8.1143	0.4084	8.9510	-2.4308	9.3964	-5.0856	8.8870	-7.7532	8.3679	-10.2944	7.4269	-12.6383	5.9909	-14.6975	3.9817	-16.4033	1.3953	-18.0188	-1.1225	-19.3828	-3.8747	-20.7528	-6.3846	-22.0018	-8.8983	-23.1283	-11.4147	-23.8586	-14.2888	*	*	-26.6830	-17.9163
pl03	1.4706	24/03/2017 14:44:52	Mowie pada teraz	a	69.3459	101.6144	100.2892	74.1769	-56.1111	55.4405	62.0496	-11.3345	*	*	*	*	*	*	*	*	*	*	*	*	47.3608	-2.0064	44.6356	-1.9921	41.9863	-1.9982	39.3652	-2.1320	36.8137	-2.2871	34.4721	-1.9701	32.1924	-1.5149	29.9366	-0.9945	27.6605	-0.5764	25.3723	-0.2412	23.0776	0.0320	20.7791	0.2656	18.4730	0.4074	16.1645	0.5818	13.8378	1.0576	11.4045	2.6878	8.8130	4.6748	6.0698	6.6276	3.4088	7.1099	0.6597	7.7075	-1.9670	7.4529	-4.6587	7.3393	-7.1847	6.5560	-9.6056	5.4728	-11.8404	3.9563	-13.7871	1.8791	-15.6070	-0.2813	-17.4062	-2.3040	-18.9955	-4.5619	-20.4793	-6.8327	*	*	*	*	*	*	*	*	-28.7917	-15.5232
pl03	1.2619	24/03/2017 14:44:56	Mowie puku teraz	u	57.8781	8.8811	7.9250	83.0139	38.4227	38.5253	61.3788	-12.1198	*	*	*	*	*	*	*	*	45.4156	-15.0873	43.3427	-14.6054	41.5224	-13.7044	39.5898	-13.0508	37.7607	-12.1852	35.9580	-11.2299	34.1357	-10.2750	32.0928	-9.9836	30.3488	-8.6235	28.5532	-7.2131	26.9162	-4.5751	25.0044	-2.6891	22.9729	-0.8802	20.9053	1.8503	18.6275	3.8701	16.2224	6.5333	13.6414	8.8715	10.8514	11.8978	7.9095	14.1734	4.9967	14.8546	1.9055	16.1624	-1.2095	16.9564	-4.3476	17.4279	-7.1359	16.3198	-9.9364	15.3271	-12.5362	13.7875	-15.0617	12.1707	-17.1505	9.6475	-18.0153	4.7890	-18.4552	-0.2808	-17.3397	-7.5003	-17.3414	-11.9736	-17.2463	-16.1115	-18.7946	-17.5143	-20.0094	-19.3251	*	*	-20.8004	-24.5923
pl03	0.7441	24/03/2017 14:45:04	Mowie paga teraz	a	72.6975	-29.6734	28.1448	75.9563	13.3095	13.4602	62.7491	-10.5156	*	*	*	*	*	*	*	*	*	*	*	*	*	*	45.6611	0.2556	43.3487	1.2863	41.1389	2.6043	38.8497	3.7858	36.4469	4.6812	33.9780	5.3701	31.4871	5.9754	28.9755	6.4880	26.4428	6.8812	23.8994	7.1894	21.3482	7.4123	18.7957	7.6378	16.2350	7.8206	13.6619	8.0561	11.0594	8.4342	8.4109	8.9018	5.7414	9.1450	3.0943	9.0040	0.5156	8.4209	-2.0126	7.6442	-4.4928	6.7376	-6.9468	5.7976	-9.3027	4.6135	-11.4772	3.0301	-13.3333	0.8308	-15.0924	-1.3645	-16.7140	-3.6391	-18.2464	-5.8913	-19.5517	-8.3523	-20.9087	-10.5563	-20.9614	-14.4646	-21.0013	-18.0273	-20.8598	-21.5027	-22.3096	-22.8795
pl03	1.3320	24/03/2017 14:45:08	Mowie pata teraz	a	75.9837	97.3999	99.0007	72.1505	-35.2258	35.4405	64.2997	-8.7004	*	*	*	*	*	*	*	*	*	*	*	*	*	*	47.3516	3.9605	44.8396	4.8807	42.0189	4.9539	38.8300	3.7272	35.6846	2.1137	32.8545	1.0383	30.2536	0.4304	27.8725	0.5625	25.5226	0.7590	23.1916	1.0249	20.8558	1.2285	18.5168	1.3887	16.1746	1.6255	13.8072	2.2755	11.3736	3.2008	8.8808	3.9628	6.3443	4.5233	3.7262	5.1991	1.1214	5.4233	-1.4084	5.1124	-3.7562	4.0671	-6.1373	3.2175	-8.4270	2.1288	-10.5904	0.7688	-12.6128	-0.8333	-14.6699	-2.2541	-16.7735	-3.5244	-18.7953	-4.9172	-20.6433	-6.5639	-22.0417	-8.8378	-23.1866	-11.3326	-24.2059	-13.8345	-25.2949	-16.1010	-26.7258	-17.8677
pl03	1.1199	24/03/2017 14:45:12	Mowie pudu teraz	u	76.2508	107.5133	108.8881	82.4623	-16.8947	15.8989	66.3154	-6.3406	*	*	*	*	*	*	*	*	*	*	*	*	50.0153	3.3123	47.5387	4.3707	44.9627	5.1774	41.7516	4.2403	38.4784	2.6784	35.6617	2.0367	33.1438	2.1537	30.7181	2.5183	28.2703	2.6995	25.8310	2.8105	23.4116	2.9410	21.0046	3.0973	18.6705	4.8344	16.2283	7.1335	13.6045	10.3430	10.8364	12.1475	7.9564	13.6801	5.0085	14.7644	2.0117	15.5231	-0.9582	15.7130	-3.9034	15.5663	-6.8430	15.2580	-9.6578	14.4389	-12.0928	12.5296	-14.1890	9.9452	-14.7970	4.2117	-14.8634	-1.8467	-15.1366	-6.6817	-17.0604	-7.9960	-17.7133	-11.3643	-17.8770	-15.1549	-17.2377	-19.7056	-18.4635	-21.3477	-18.7510	-24.0710	-19.8693	-25.6489
pl03	0.8564	24/03/2017 14:45:16	Mowie pogo teraz	O	58.7087	13.0376	11.7492	81.5841	66.3406	66.7297	54.9640	-19.6296	52.6664	-19.1175	50.2673	-18.8633	48.3315	-18.0858	46.4604	-17.2659	44.5518	-16.5527	42.7764	-15.6475	40.9137	-14.9241	39.2092	-13.8850	37.5130	-12.7824	35.9873	-11.1515	34.4709	-9.2751	32.7833	-7.6580	31.0957	-5.7434	29.4380	-3.2357	27.5096	-1.3870	25.4306	0.1464	23.2777	1.7746	21.0479	3.6411	18.6899	5.2681	16.2414	8.4818	13.5902	10.9113	10.8321	12.2191	7.9786	13.4470	5.1211	13.9007	2.2157	14.2948	-0.6807	14.3397	-3.5993	14.2924	-6.4175	13.7155	-9.2447	13.1223	-11.9446	12.1090	-14.2317	10.0543	-15.8160	6.5653	-17.4207	3.5372	-18.8248	0.4321	-20.2681	-2.3037	-21.7127	-4.8120	-23.3313	-6.8817	-24.8495	-8.9921	-26.5134	-10.8154	-27.9379	-12.8820	-29.1513	-15.1151
pl03	1.5471	24/03/2017 14:46:18	Mowie paka teraz	a	63.0656	27.0435	25.9834	80.8215	115.1163	116.2009	64.6155	-8.3306	*	*	*	*	*	*	*	*	47.7855	-11.0667	45.3566	-10.8994	43.4030	-9.9364	41.4355	-9.0056	39.5078	-7.9734	37.6467	-6.7206	35.6343	-5.8050	33.6431	-4.7622	31.5224	-4.0983	29.4110	-3.3572	27.3351	-2.3243	25.2615	-0.9784	23.2072	1.1605	21.0297	3.4130	18.7296	6.1584	16.2440	8.7470	13.5584	12.1750	10.6795	14.7588	7.7465	15.8864	4.9478	15.2298	2.2175	14.2842	-0.4588	13.2417	-2.9608	11.6170	-5.2909	9.6313	-7.5633	7.7628	-9.9868	6.5543	-12.3406	5.2320	-14.4337	3.3724	-16.2618	1.0973	-17.7233	-1.6924	-19.2909	-4.0378	-20.8527	-6.2209	-22.6849	-7.8622	-24.6598	-9.2592	-26.8993	-10.3104	*	*	-30.7860	-13.2600
pl03	1.1515	24/03/2017 14:46:22	Mowie poko teraz	O	57.2358	46.1724	44.5147	81.1475	51.8916	51.7382	56.1614	-18.2277	*	*	*	*	*	*	46.9407	-16.5125	45.0430	-15.7195	43.2353	-14.8031	41.3638	-14.0223	39.4248	-13.4123	37.3884	-13.0829	35.4391	-12.6152	33.6383	-11.7587	32.0309	-10.1921	30.4324	-8.3011	28.6390	-6.8276	26.6839	-5.8230	24.6716	-4.9032	22.6987	-3.2685	20.6550	-1.2935	18.5246	1.5645	16.2002	4.2495	13.6812	7.2871	10.9576	10.1279	8.0724	12.4608	5.1466	13.7057	2.3067	13.7467	-0.4803	13.3485	-3.3644	13.3082	-6.2669	13.1696	-9.1500	12.8202	-11.8064	11.7170	-14.3292	10.3029	-16.7218	8.6574	-18.6796	6.1876	-20.0320	2.7605	-20.5571	-1.7908	-21.1720	-5.6977	-21.6224	-9.4738	-22.2272	-12.6829	*	*	*	*	-23.3356	-21.7151
pl03	1.1446	24/03/2017 14:46:26	Mowie pugu teraz	u	60.9448	51.7809	50.0372	84.2058	17.9455	18.7045	62.5199	-10.7839	*	*	*	*	*	*	52.7160	-7.4521	50.6817	-6.1534	44.5784	-12.3314	42.7257	-11.2935	40.9806	-10.0026	39.1225	-8.9022	37.2219	-7.8548	35.3453	-6.6669	33.5826	-4.9658	31.8715	-2.7523	30.1836	0.1156	28.2497	2.5890	26.1518	4.9452	23.8687	6.9215	21.4724	8.9725	18.9773	11.7085	16.2915	13.6252	13.4635	15.9537	10.5579	16.7841	7.6136	17.2841	4.5915	17.9612	1.6582	17.6516	-1.3219	17.5125	-4.2179	16.8843	-7.0181	15.8929	-9.7357	14.6871	-12.2226	12.8978	-14.6280	11.0649	-16.6405	8.4697	-17.9067	4.5604	-19.1638	1.0860	-19.9131	-2.9336	-20.5481	-6.7199	-20.9405	-10.5081	*	*	*	*	*	*	-26.9969	-17.5600
pl03	1.2853	24/03/2017 14:46:30	Mowie podo teraz	O	73.1339	111.4134	113.1053	77.0116	-23.9365	23.4276	67.5837	-4.8558	*	*	*	*	*	*	*	*	53.2722	-1.7587	50.9809	-0.5496	48.6998	0.6765	46.3789	1.8286	43.4772	1.5962	40.2788	0.3077	37.1271	-1.3521	34.4590	-2.0142	32.0903	-1.9084	29.8057	-1.5830	27.5349	-1.2510	25.2689	-0.9296	23.0419	-0.2796	20.7870	0.3646	18.5219	1.5034	16.1848	2.6724	13.7501	4.5467	11.1961	6.1577	8.4995	7.9711	5.7465	9.1062	2.9117	10.1033	0.0446	10.7512	-2.8365	11.0961	-5.6004	10.7530	-8.2200	9.8560	-10.6414	8.4115	-13.0097	6.9381	-15.1605	5.0513	-16.7641	2.1549	-18.0121	-1.1354	-18.8319	-4.8523	-20.6503	-6.5525	-22.6562	-7.9058	-24.2002	-9.9060	*	*	*	*	-26.4156	-18.2198
pl03	1.2280	24/03/2017 14:46:34	Mowie putu teraz	u	75.9469	83.5904	87.5572	82.0412	-41.8885	41.9232	67.5949	-4.8427	63.7223	-5.2216	61.6688	-3.4603	59.6014	-1.6954	57.1906	-0.4324	54.9113	1.0221	52.4205	2.0994	49.9183	3.1179	47.4684	4.2166	44.8195	4.8322	41.9206	4.6914	39.1815	4.7755	36.5260	4.9476	33.9325	5.1947	31.3720	5.4578	28.8710	5.9266	26.4066	6.6404	23.8782	7.0042	21.4281	8.4163	18.8782	9.4883	16.2691	11.3310	13.5466	12.6434	10.7357	13.8240	7.8692	14.5967	4.9794	14.9869	2.0642	15.2071	-0.7675	14.7692	-3.5757	14.1936	-6.2931	13.2644	-8.8929	12.0008	-10.8703	9.0609	-12.8700	6.5819	-14.0200	2.4169	-15.0374	-1.4804	-16.4402	-4.1672	-17.4482	-7.3078	-18.9263	-9.3769	-20.3988	-11.3298	-22.0914	-12.8741	-24.0488	-14.0400	-26.1940	-15.0059	-28.0350	-16.3820
pl03	1.1190	24/03/2017 14:46:38	Mowie poto teraz	O	73.0570	63.6252	65.4814	76.8965	-31.9272	31.5366	64.7014	-8.2300	62.6522	-6.5667	61.4688	-3.7305	59.2202	-2.2497	57.0037	-0.7256	54.4630	0.2614	52.0197	1.3620	49.5870	2.4542	46.5879	2.2868	43.6607	2.0385	40.6858	1.3945	37.8598	0.8331	35.1431	0.2901	32.5783	-0.0267	30.1713	0.0607	27.7965	0.1544	25.5038	0.6340	23.2442	1.4823	20.9489	2.3985	18.6304	3.9343	16.2066	4.9070	13.7062	6.2940	11.1239	7.3593	8.4379	8.6180	5.6874	9.5591	2.8760	10.3187	0.0642	10.6542	-2.7217	10.6152	-5.4492	10.2051	-8.0829	9.4189	-10.6382	8.4024	-12.7892	6.3757	-14.5992	3.7547	-16.2192	1.0078	-17.4792	-2.1632	-19.0353	-4.4914	-20.3988	-6.9646	-21.4411	-9.7488	-22.4892	-12.3143	-23.3491	-14.9555	-24.5347	-17.0269	-25.8638	-18.8460
pl03	1.1603	24/03/2017 14:46:42	Mowie pada teraz	a	72.1599	58.3084	60.0091	73.0197	-21.7968	22.8611	68.4320	-3.8627	65.1661	-3.4070	62.7336	-2.0218	60.2644	-0.7311	57.2918	-0.2736	54.6893	0.6453	51.8859	1.1157	49.1104	1.4992	46.1038	1.2259	43.2428	1.0311	40.4788	0.8417	37.5639	-0.0494	34.9704	-0.2916	32.4422	-0.5514	30.0457	-0.5039	27.7457	-0.1189	25.4398	0.2075	23.1619	0.7659	20.8541	1.2079	18.5598	2.3533	16.1904	3.2487	13.7501	4.5476	11.2635	5.0355	8.6926	5.9406	6.1007	6.3904	3.5414	6.3119	0.9452	6.2951	-1.5767	5.8177	-4.0003	4.9522	-6.2687	3.6363	-8.5386	2.4455	-10.7196	1.0982	-12.7321	-0.5577	-14.5263	-2.5563	-16.3171	-4.4048	-17.5571	-7.1145	-18.9817	-9.2863	-20.0790	-11.8149	-21.0760	-14.3033	-21.6177	-17.2209	-22.3457	-19.6930	-22.7735	-22.3530
pl03	1.0005	24/03/2017 14:46:46	Mowie puku teraz	u	57.8209	17.3076	16.5511	83.6989	33.9413	34.5821	62.0371	-11.3491	*	*	*	*	*	*	*	*	*	*	45.3848	-10.8476	41.6253	-13.4982	39.5867	-13.0575	37.7390	-12.2376	35.8831	-11.4298	33.9778	-10.7461	32.3467	-9.1283	30.6397	-7.5016	28.8524	-5.8683	26.8724	-4.8102	24.9245	-3.2207	22.8888	-1.6126	20.8768	1.4923	18.6574	4.5408	16.2382	8.1590	13.6068	10.2495	10.8361	12.1523	7.9159	14.1059	4.8861	15.7028	1.8345	16.5900	-1.1180	16.5033	-4.0027	15.9828	-6.9054	15.4843	-9.7294	14.6672	-12.3892	13.3704	-14.6782	11.1928	-16.6688	8.5350	-17.4949	3.6934	-18.1094	-0.9476	-18.4442	-5.5403	-19.8109	-7.9276	-19.9220	-12.0530	*	*	*	*	*	*	-19.6563	-25.8906
pl03	1.3258	24/03/2017 14:46:50	Mowie paga teraz	a	63.5023	32.2502	32.1159	80.7870	85.2196	85.8131	66.6409	-5.9596	*	*	*	*	*	*	50.0424	-11.6464	47.8586	-10.9428	45.8075	-10.0697	43.7790	-9.1830	41.7252	-8.3707	39.9225	-6.9737	37.9761	-5.8411	35.9588	-4.8372	33.7985	-4.2387	31.7401	-3.2587	29.7048	-2.0363	27.6570	-0.5951	25.5410	0.8812	23.3863	2.7200	21.1314	4.6900	18.7784	7.2508	16.2600	10.3946	13.5426	12.8041	10.7215	14.0605	7.9246	14.0143	5.0458	14.4780	2.0711	15.1655	-0.7415	14.6407	-3.3754	13.3541	-5.8475	11.6490	-8.5324	10.8517	-10.9196	9.2007	-13.1093	7.1920	-14.9198	4.4952	-16.4206	1.4317	-17.7674	-1.6073	-19.1135	-4.3526	-20.7406	-6.4046	-21.7367	-9.3005	-22.7164	-11.9944	-22.9541	-15.4723	*	*	-23.5225	-21.5030
pl03	1.3380	24/03/2017 14:46:54	Mowie pata teraz	a	76.3726	21.4911	24.0327	74.5875	-36.3559	36.8616	67.8125	-4.5880	64.5685	-4.1581	62.6651	-2.1143	60.3090	-0.6662	57.8031	0.5286	55.4881	2.0006	52.6687	2.5562	50.1081	3.4982	47.3873	4.0389	44.5986	4.2996	41.7174	4.1488	38.8788	3.8726	36.0579	3.3712	33.2373	2.5141	30.7333	2.5867	28.2399	2.5364	25.8038	2.6299	23.4547	3.3164	21.0621	3.8198	18.6480	4.3284	16.2122	5.4890	13.7049	6.3467	11.1501	6.9238	8.5641	7.2922	5.9394	7.6272	3.3350	7.5545	0.7049	7.4839	-1.8486	6.9569	-4.2345	5.8012	-6.6470	4.8421	-8.8452	3.3152	-10.8915	1.5366	-12.9437	-0.0691	-14.9176	-1.7325	-16.6632	-3.7371	-18.4395	-5.5487	-19.7042	-8.1025	-21.0077	-10.4062	-21.8140	-13.2645	-23.1458	-15.2214	-23.9750	-17.7086	-26.2594	-18.3970
pl03	1.1820	24/03/2017 14:46:58	Mowie pudu teraz	u	72.1886	97.8813	99.3881	82.9111	-24.5476	23.4795	62.5202	-10.7836	*	*	*	*	*	*	*	*	*	*	51.5244	0.4505	48.8841	1.0459	46.2685	1.5868	43.0970	0.6795	40.0978	-0.1757	37.4010	-0.5353	35.1843	0.4289	32.8921	1.1830	30.5614	1.8139	28.1813	2.2216	25.7636	2.3621	23.3651	2.5357	21.0063	3.1191	18.7245	6.0424	16.2489	9.2530	13.5554	12.2951	10.7338	13.8557	7.8295	15.0142	4.8561	15.9327	1.9509	15.8892	-0.9451	15.6479	-3.7440	14.8985	-6.4372	13.7867	-9.0200	12.4060	-11.4543	10.7179	-13.5052	8.2017	-14.3971	3.2880	-14.8678	-1.8374	-15.3423	-6.2849	-16.8424	-8.3827	-17.1701	-12.2543	-17.6624	-15.4803	-17.5283	-19.2965	-18.7646	-20.9538	*	*	-19.5159	-26.0499
pl03	1.1845	24/03/2017 14:47:02	Mowie pogo teraz	O	55.8985	23.5473	20.7750	81.5601	45.4225	45.4758	61.2154	-12.3111	*	*	*	*	*	*	*	*	*	*	45.1690	-11.2447	40.7315	-15.2892	38.1866	-16.1262	36.5874	-15.0140	35.7027	-11.9115	34.4618	-9.3024	33.0874	-6.6338	31.0681	-5.8498	29.0757	-4.8643	27.0029	-4.1091	24.9264	-3.2080	22.8636	-1.8320	20.7147	-0.5432	18.5011	1.0378	16.1906	3.2629	13.6952	6.7312	10.9767	9.8103	8.0541	12.6532	5.1575	13.6222	2.1720	14.5577	-0.6953	14.4121	-3.5862	14.2373	-6.4004	13.6535	-9.1251	12.7410	-11.7379	11.5225	-14.0985	9.7146	-15.9426	6.8577	-17.3975	3.4884	-18.3163	-0.5486	-19.0172	-4.5234	-18.9752	-9.2968	-19.0736	-13.3399	-19.5124	-16.5039	-20.7158	-18.4008	*	*	-21.2033	-24.1350
pl03	1.6618	24/03/2017 14:47:20	Mowie paka teraz	a	64.6679	48.0165	46.9921	82.5855	71.7765	73.5971	56.4892	-17.8440	54.0421	-17.3884	52.2401	-16.1982	50.4309	-15.0325	48.6127	-13.8893	47.0455	-12.3223	45.2348	-11.1236	43.4021	-9.9381	41.7874	-8.2343	39.9537	-6.8983	38.3068	-4.9579	36.5668	-3.0236	34.5880	-1.5798	32.7378	0.5881	30.7080	2.4729	28.6746	4.8715	26.3962	6.5713	24.1346	9.2374	21.6565	11.2850	19.0338	12.9737	16.2987	14.3700	13.4788	15.3438	10.6052	15.9972	7.6851	16.5317	4.8002	16.3610	1.9359	15.9797	-0.9193	15.5204	-3.6327	14.4323	-6.1823	12.8626	-8.5920	11.0417	-10.7877	8.8267	-12.9157	6.6985	-14.4181	3.3365	-16.0405	0.6315	-17.2852	-2.5374	-17.8856	-6.5316	-18.7902	-9.6000	-19.8787	-12.1186	-21.0255	-14.3744	-22.4133	-16.1799	-23.2767	-18.5591	-24.5455	-20.3421
pl03	1.2891	24/03/2017 14:47:24	Mowie poko teraz	O	63.3796	16.7448	15.7607	80.7531	50.6533	50.5702	64.1081	-8.9246	*	*	*	*	*	*	*	*	*	*	*	*	*	*	42.8175	-5.9767	39.9582	-6.8876	36.7829	-9.0271	34.3296	-9.6968	32.5700	-8.3762	30.8428	-6.7184	28.8065	-6.0744	26.7650	-5.3871	24.6926	-4.7640	22.6012	-4.1173	20.5133	-3.0730	18.3867	-1.5257	16.1685	0.9976	13.7716	3.6892	11.1377	7.1296	8.3065	10.0002	5.3027	12.5090	2.3301	13.6058	-0.6015	13.9479	-3.4395	13.6227	-6.2383	13.0659	-8.9718	12.2523	-11.6523	11.2796	-14.2428	10.0825	-16.6637	8.5232	*	*	*	*	-20.7852	-1.3861	-20.9975	-5.9836	-21.1550	-10.1827	-21.6526	-13.4918	-22.3335	-16.2842	*	*	-25.5867	-19.1604
pl03	1.0820	24/03/2017 14:47:28	Mowie pugu teraz	u	59.3613	14.2363	13.8795	84.2840	21.3280	21.6717	61.2998	-12.2122	*	*	*	*	49.2259	-16.7850	47.3457	-15.8770	45.4613	-15.0098	43.5573	-14.2105	41.7408	-13.2668	39.9310	-12.3029	38.2218	-11.0738	36.4266	-9.9785	34.6780	-8.6576	32.9091	-7.2343	31.2485	-5.1544	29.2844	-3.9261	27.4031	-1.9591	25.3996	-0.0597	23.4502	3.2771	21.2295	5.9215	18.8703	9.3101	16.2749	11.9282	13.5091	14.1369	10.6601	15.0822	7.7103	16.2673	4.6788	17.2916	1.5878	18.0756	-1.4782	18.2858	-4.4578	17.8895	-7.3419	17.0668	-10.0437	15.6691	-12.4413	13.5183	-14.7421	11.3558	-16.6318	8.4496	-18.4080	5.6158	-19.6436	2.0115	-20.7629	-1.4256	-21.5615	-5.0596	-21.8663	-9.1039	-22.0614	-12.9163	-22.1164	-16.5684	-21.9429	-20.1835	-21.9349	-23.3047
pl03	1.1962	24/03/2017 14:47:32	Mowie podo teraz	O	72.3857	91.2086	92.6132	76.9584	-50.8743	51.1063	68.0171	-4.3484	64.9690	-3.6547	62.3924	-2.4828	59.8094	-1.3929	57.3322	-0.2103	54.7460	0.7417	52.0707	1.4557	49.2798	1.8386	46.3464	1.7576	43.4519	1.5352	40.5386	1.0012	37.7391	0.4731	34.9836	-0.2473	32.4788	-0.4104	29.9814	-0.7931	27.6477	-0.6453	25.3732	-0.2356	23.1652	0.7950	20.8613	1.2976	18.5528	2.1962	16.1892	3.1188	13.7435	4.8090	11.2002	6.0886	8.5234	7.7197	5.8667	8.1845	3.0665	9.1717	0.4030	8.9776	-2.3922	9.2348	-5.1296	9.0462	-7.8423	8.6521	-10.4312	7.8151	-12.7978	6.3976	-14.9160	4.4864	-16.4439	1.4807	-17.5417	-2.0426	-18.1218	-6.1125	-18.6327	-9.8580	-20.2362	-11.5763	*	*	-21.3760	-17.5370	-22.2313	-19.8323	-23.5661	-21.4536
pl03	0.5164	24/03/2017 14:47:40	Mowie putu teraz	u	78.2910	-10.5637	9.0179	76.5829	-47.6781	47.8001	66.3888	-6.2547	*	*	*	*	*	*	*	*	55.6781	2.3228	53.2035	3.5404	50.7173	4.7190	48.1651	5.7436	45.5789	6.6629	42.5950	6.4924	39.3730	5.3467	36.1000	3.5130	33.2411	2.5289	30.6921	2.4016	28.2874	2.7916	25.8902	3.2046	23.4809	3.5446	21.0619	3.8176	18.6388	4.1231	16.2129	5.5568	13.6846	7.1533	11.0403	8.7521	8.3642	9.3935	5.7046	9.4273	3.0866	9.0501	0.4758	8.6175	-2.0710	7.8889	-4.5767	7.0420	-6.9414	5.7805	-9.1715	4.2411	-10.9726	1.7435	-12.7225	-0.5799	-14.0920	-3.4707	-15.3317	-6.3053	-16.4564	-9.0678	-17.5322	-11.6610	-18.7961	-13.7607	-19.8387	-16.0447	-21.0166	-18.0073	-22.1790	-19.8959	-22.8521	-22.2638
pl03	1.3968	24/03/2017 14:47:45	Mowie poto teraz	O	75.6708	53.1631	56.0905	78.7440	-29.8491	29.7033	59.4872	-14.3343	*	*	*	*	58.8121	-2.8433	56.9713	-0.7764	54.6834	0.6355	52.4524	2.1582	49.8940	3.0694	47.4526	4.1819	44.8978	5.0210	41.7848	4.3288	38.7914	3.6120	35.5091	1.5226	32.6976	0.4330	30.1613	0.0155	27.7304	-0.2011	25.4433	0.2313	23.1675	0.8147	20.8802	1.5345	18.5932	3.1022	16.2030	4.5367	13.6994	6.5649	11.0968	7.8106	8.3745	9.2848	5.5636	10.5088	2.6418	11.7290	-0.2315	12.1170	-3.0999	12.1998	-5.8518	11.6645	-8.6188	11.1270	-11.1618	9.8879	*	*	*	*	*	*	*	*	*	*	*	*	*	*	*	*	*	*	*	*	-31.3797	-12.5862
pl03	1.2827	24/03/2017 14:47:49	Mowie pada teraz	a	72.9388	34.4543	35.9661	73.9846	-30.3860	30.8353	66.5228	-6.0978	64.1930	-4.6300	62.0263	-2.9774	59.6399	-1.6393	57.1263	-0.5333	54.7064	0.6744	52.1328	1.5700	49.3791	2.0376	46.6305	2.3801	43.9364	2.7031	40.8756	1.9012	38.0412	1.3745	35.2925	0.7931	32.6859	0.3879	30.1976	0.1785	27.8020	0.1839	25.4533	0.2979	23.1632	0.7770	20.8708	1.4171	18.5834	2.8807	16.1963	3.8538	13.7455	4.7314	11.1985	6.1171	8.6371	6.5239	5.9955	7.1974	3.3852	7.2522	0.7897	7.0644	-1.7787	6.6643	-4.3071	6.0643	-6.7542	5.1837	-8.9092	3.4970	-11.0386	1.9117	-13.0177	0.1019	-14.8528	-1.8689	-16.4692	-4.1114	-17.8127	-6.6610	-18.8174	-9.5555	-19.7399	-12.3292	-20.4669	-15.1606	-21.6457	-17.1842	-22.3536	-19.6834	-23.3573	-21.6906
pl03	1.2459	24/03/2017 14:47:54	Mowie puku teraz	u	58.2534	10.1819	9.3466	84.1965	8.7415	8.7642	55.0655	-19.5106	51.8690	-20.1197	50.0900	-19.1028	48.3106	-18.1161	46.6338	-16.9939	44.9657	-15.8505	43.2161	-14.8384	41.5251	-13.6990	39.8452	-12.4911	38.0766	-11.4237	36.4799	-9.8362	34.6331	-8.7913	32.9444	-7.1154	31.1047	-5.7087	29.2210	-4.2114	27.4919	-1.4820	25.3172	-0.6081	23.2106	1.1898	21.0398	3.5399	18.7199	5.9412	16.2529	9.6627	13.5554	12.2940	10.6866	14.6405	7.7288	16.0723	4.7035	17.1025	1.6888	17.4676	-1.2653	17.2324	-4.2516	17.0254	-7.1866	16.5037	-10.0275	15.6172	-12.6115	14.0012	-14.7663	11.4176	-16.6563	8.5062	-17.8622	4.4666	-18.8583	0.4967	-19.4630	-3.7324	-19.8273	-7.9008	-20.6674	-10.9223	-21.4379	-13.7939	-21.9636	-16.7682	-22.2830	-19.7693	-22.9745	-22.1249
pl03	1.2529	24/03/2017 14:47:58	Mowie paga teraz	a	66.0459	30.1264	30.1608	83.6173	45.0253	47.3352	59.1303	-14.7521	56.8138	-13.9047	54.9078	-12.5942	52.7119	-11.7151	50.6346	-10.7174	48.5880	-9.7054	46.6732	-8.4767	44.6427	-7.4524	42.9639	-5.6558	40.9672	-4.4549	39.0015	-3.1030	36.9114	-1.9956	34.8922	-0.5549	32.8629	1.0704	30.7948	2.8633	28.7509	5.2815	26.5677	7.7124	24.1951	9.7644	21.7161	12.0324	19.0844	14.1086	16.3077	15.2949	13.4268	17.4120	10.4997	17.7528	7.5628	17.8177	4.5732	18.1012	1.6290	17.8279	-1.2922	17.3656	-4.0937	16.3638	-6.6047	14.3940	-9.1650	12.8682	-11.2153	10.0398	-12.8829	6.6148	-14.0772	2.5491	-15.2828	-0.9638	-15.8659	-5.2750	-17.0144	-8.0776	-18.3463	-10.3272	-19.2897	-13.0120	-20.4262	-15.2178	-21.9459	-16.7913	-23.3654	-18.4510	-24.7088	-20.1567
pl03	1.5719	24/03/2017 14:48:02	Mowie pata teraz	a	73.3570	53.5078	54.8800	73.5833	-41.1983	41.7889	67.5312	-4.9173	65.4492	-3.0512	62.7222	-2.0372	60.2715	-0.7208	57.7683	0.4739	55.1439	1.4166	52.2019	1.6972	49.7652	2.8112	46.8774	2.9213	44.0555	2.9902	41.1282	2.5757	38.2371	1.9587	35.5477	1.6527	32.9999	1.5989	30.4941	1.5113	28.0518	1.5260	25.6652	1.7077	23.2571	1.5949	20.9016	1.8038	18.5693	2.5660	16.1902	3.2240	13.7662	3.9043	11.2796	4.7664	8.6819	6.0533	6.0864	6.5004	3.4332	6.9634	0.8500	6.7664	-1.6096	5.9556	-4.2462	5.8438	-6.6344	4.8019	-8.9398	3.5837	-11.2018	2.3278	-13.3095	0.7760	-15.1035	-1.3412	-16.6250	-3.8109	-18.3393	-5.7265	-19.6813	-8.1401	-20.9075	-10.5582	*	*	*	*	*	*	-26.1665	-18.5024
pl03	1.1048	24/03/2017 14:48:06	Mowie pudu teraz	u	78.0363	18.8501	22.1921	83.1988	-42.2021	41.6176	67.1527	-5.3604	64.7460	-3.9350	62.2640	-2.6562	59.7673	-1.4540	57.3599	-0.1668	55.0990	1.3405	52.4793	2.2078	50.1864	3.6552	47.7302	4.7903	45.1454	5.6177	42.0870	5.1358	38.9686	4.1405	36.2094	3.8814	33.3948	3.1216	30.9264	3.4548	28.4843	3.8493	26.1062	4.6417	23.8170	6.4718	21.4641	8.8680	18.8816	9.5636	16.2944	13.9301	13.4704	15.6767	10.5654	16.6602	7.6252	17.1611	4.6916	17.1937	1.7467	17.1189	-1.1911	16.8650	-4.0263	16.0815	-6.6240	14.4642	-9.0082	12.3684	-11.0482	9.5657	-12.8200	6.4544	-14.2441	2.9346	-15.1100	-1.3275	-15.7293	-5.5384	-16.6573	-8.7113	-16.9490	-12.6166	-17.5486	-15.6529	-18.4371	-18.0175	-18.9803	-20.6716	-19.8623	-22.7176	-20.6515	-24.7612
pl03	1.2662	24/03/2017 14:48:10	Mowie pogo teraz	O	55.9452	73.4087	71.4397	81.0568	49.0515	48.5536	59.4128	-14.4213	*	*	*	*	*	*	*	*	*	*	*	*	41.7284	-13.2917	38.7325	-14.9298	36.7693	-14.5754	35.3642	-12.8153	34.1818	-10.1376	32.7348	-7.8213	31.0549	-5.9008	29.1172	-4.6778	27.1326	-3.4126	24.9712	-2.9099	22.8564	-1.8948	20.6950	-0.7913	18.5049	1.1229	16.1968	3.9070	13.6929	6.8240	10.9887	9.6109	8.2180	10.9297	5.3407	12.2175	2.3577	13.4395	-0.6767	14.3202	-3.6702	14.5894	-6.4848	13.9594	-9.1583	12.8469	-11.6911	11.3897	-14.2158	10.0136	*	*	*	*	*	*	*	*	*	*	*	*	*	*	*	*	*	*	-25.4609	-19.3033
pl03	1.8109	24/03/2017 14:48:33	Mowie paka teraz	a	63.7095	-2.6658	3.7990	81.7130	85.4605	86.6188	61.3373	-12.1684	*	*	*	*	*	*	*	*	48.4789	-9.8905	46.5330	-8.7346	44.2365	-8.2663	42.0201	-7.7242	39.8002	-7.2685	37.6967	-6.5871	35.7902	-5.3400	33.8885	-3.9356	31.8103	-2.9880	29.6774	-2.1595	27.4871	-1.5082	25.4216	0.0865	23.2519	1.5493	21.0710	3.9316	18.6926	5.3284	16.2310	7.4159	13.6382	9.0009	10.8452	12.0000	7.8538	14.7581	4.8193	16.2148	2.0903	15.0498	-0.3907	12.9052	-2.8581	11.1870	-5.3972	10.0166	-7.8374	8.6366	-10.1053	6.8905	-12.3063	5.1444	-14.4463	3.4016	-16.2154	0.9997	-17.9530	-1.2494	-19.5475	-3.5824	-20.9202	-6.1103	-21.4260	-9.7717	-21.4461	-13.7823	-22.0371	-16.6721	*	*	-24.8436	-20.0038
pl03	1.2488	24/03/2017 14:48:38	Mowie poko teraz	O	60.3918	64.6735	63.3899	83.7155	16.0571	15.9547	54.5413	-20.1244	52.6130	-19.1846	50.7700	-18.1842	48.9728	-17.1531	47.1156	-16.2380	45.0744	-15.6662	43.1992	-14.8695	41.5592	-13.6307	40.2295	-11.6488	38.6371	-10.0724	37.3195	-7.5944	35.5159	-6.1581	33.8966	-3.9083	31.9632	-2.3987	30.0683	-0.4024	28.4789	3.8204	26.4181	6.7170	24.0698	8.6728	21.6272	10.9165	18.9663	11.4622	16.2859	13.0538	13.5160	13.8639	10.6644	15.0102	7.7956	15.3706	4.8299	16.1334	1.9292	16.0199	-0.9390	15.6178	-3.7813	15.0549	-6.6021	14.3847	-9.3052	13.3150	-11.7645	11.5980	-13.8336	9.0391	-15.7804	6.4830	-17.2645	3.2084	-18.0888	-0.9875	-19.6852	-3.3380	-19.9559	-7.6902	-21.1232	-10.2310	-21.9007	-13.1425	-22.1545	-16.5185	-23.0231	-18.8679	-24.1333	-20.8099
pl03	1.4203	24/03/2017 14:48:43	Mowie pugu teraz	u	60.5008	27.2403	26.0158	83.9469	26.2232	26.7582	64.3928	-8.5913	*	*	*	*	*	*	*	*	*	*	45.6973	-10.2725	42.7975	-11.1495	40.6815	-10.6581	38.7809	-9.7257	36.7364	-9.1512	34.9138	-7.9541	33.1859	-6.3020	31.4704	-4.2985	29.5109	-2.9082	27.4071	-1.9378	25.2529	-1.0355	23.0457	-0.2466	20.8231	0.8177	18.6201	3.7035	16.2325	7.5686	13.5836	11.1735	10.7705	13.2436	7.8548	14.7479	4.8213	16.1996	1.7659	17.0031	-1.2519	17.1662	-4.1733	16.6976	-6.9919	15.7977	-9.6999	14.5732	-12.2244	12.9028	-14.3012	10.2315	*	*	*	*	*	*	*	*	*	*	-17.2365	-16.1264	-18.6193	-17.7610	-20.1873	-19.0923	*	*	-20.9581	-24.4133
pl03	1.1680	24/03/2017 14:48:47	Mowie podo teraz	O	77.8147	115.4802	118.3452	79.0389	-14.1577	13.6578	65.3329	-7.4907	*	*	*	*	*	*	*	*	54.7750	0.7908	52.6769	2.5713	50.7648	4.8141	48.5199	6.5210	45.6355	6.7993	42.1628	5.3382	38.4269	2.5248	35.1681	0.3742	32.5412	-0.1698	30.2448	0.3909	27.9072	0.7492	25.5317	0.8192	23.2070	1.1589	20.9151	1.9735	18.5916	3.0659	16.2013	4.3685	13.7141	5.9795	11.0865	7.9824	8.3307	9.7452	5.4915	11.0612	2.6103	11.9184	-0.2872	12.3930	-3.1228	12.2960	-5.9234	11.9243	-8.6700	11.2902	-11.3209	10.3393	-13.5912	8.4210	-15.4658	5.7563	-16.6163	1.8437	-17.7566	-1.6283	-19.0052	-4.5447	-20.1153	-7.4290	-20.2209	-11.5996	-19.9880	-15.8346	*	*	*	*	-21.6392	-23.6404
pl03	1.2656	24/03/2017 14:48:51	Mowie putu teraz	u	78.6539	84.2188	87.8153	82.9847	-17.8280	17.9234	68.3278	-3.9848	65.5338	-2.9448	63.2608	-1.3096	61.1034	0.4891	58.6983	1.9329	56.4458	3.6253	53.9839	4.9765	51.5053	6.2978	48.7516	7.0290	45.8059	7.2103	42.9420	7.4189	39.9612	7.1014	37.1098	6.9140	34.3892	6.9557	31.7845	7.3122	29.2669	8.0535	26.8228	9.4100	24.3405	11.0306	21.7559	12.5328	19.1129	14.7466	16.3120	15.7312	13.4593	16.1186	10.5706	16.5732	7.6902	16.4785	4.8411	16.0476	1.9957	15.6194	-0.8383	15.1194	-3.4895	13.8324	-6.1579	12.7742	-8.1681	9.6905	-10.0592	6.7596	-11.8842	4.0680	-13.4988	1.2131	-14.8683	-1.8364	-15.9851	-5.0452	-17.2466	-7.6655	-18.1505	-10.6480	-19.5760	-12.5777	-20.3620	-15.3082	-21.1952	-17.7735	-22.0990	-19.9934	-22.2345	-22.9647
pl03	1.4095	24/03/2017 14:48:55	Mowie poto teraz	O	75.8125	10.5524	12.5592	78.1216	-12.4580	12.1716	68.8967	-3.3187	66.2076	-2.0979	64.0395	-0.2576	61.8138	1.5223	59.1037	2.5689	56.4688	3.6643	53.4624	4.0169	50.9344	5.1539	48.0607	5.5147	45.1212	5.5594	42.1279	5.2451	39.0598	4.4125	35.9785	3.1037	33.1549	2.1962	30.4560	1.3402	27.9890	1.1884	25.6490	1.5999	23.4144	2.9650	20.9792	2.7790	18.6364	4.0689	16.2100	5.2566	13.6991	6.5774	11.0928	7.8765	8.3565	9.4736	5.5705	10.4555	2.7424	11.1231	-0.0750	11.3428	-2.8546	11.1721	-5.6739	11.0198	-8.3756	10.3521	-10.9541	9.2987	-13.3384	7.7763	-15.4500	5.7200	-17.3616	3.4127	-19.1805	1.1182	-20.4680	-1.9489	-21.2891	-5.5060	-22.1419	-8.6858	-23.1129	-11.4363	-23.8073	-14.3560	-24.0881	-17.5708	-24.6132	-20.2652
pl03	1.4455	24/03/2017 14:49:00	Mowie pada teraz	a	74.6104	24.7179	26.1771	75.6282	-44.5348	44.9020	67.8668	-4.5244	64.7840	-3.8872	62.4306	-2.4312	59.9872	-1.1342	57.7636	0.4666	55.3047	1.6894	52.7904	2.7801	50.0836	3.4493	47.1004	3.4100	44.2618	3.4875	41.2475	2.8941	38.2745	2.0703	35.4845	1.4399	32.9285	1.3234	30.4726	1.4149	28.0770	1.6612	25.7096	2.0027	23.3562	2.4585	21.0134	3.2081	18.6326	3.9849	16.2076	5.0098	13.6991	6.5750	11.1094	7.6016	8.4581	8.4060	5.7974	8.7158	3.1304	8.7868	0.3723	9.1296	-2.2452	8.6188	-4.8197	7.9228	-7.3099	6.9552	-9.7351	5.8401	-11.9916	4.3419	-14.0298	2.4395	-15.7473	0.0141	-17.2184	-2.6663	-18.5806	-5.2983	-19.6942	-8.1189	-20.5238	-11.1401	-21.1418	-14.2106	-21.6362	-17.1966	*	*	-23.4633	-21.5702
pl03	1.2867	24/03/2017 14:49:04	Mowie puku teraz	u	60.1677	31.8457	30.5928	84.8585	24.3435	24.9083	61.9851	-11.4100	*	*	*	*	*	*	*	*	*	*	*	*	43.4790	-9.7842	40.5768	-10.8876	38.4519	-10.5190	36.4788	-9.8392	34.4877	-9.2251	32.7323	-7.8296	30.9586	-6.2719	29.1616	-4.4782	27.1954	-3.0751	25.1407	-1.7824	23.0077	-0.5769	20.9185	2.0163	18.6727	4.8829	16.2469	9.0432	13.5761	11.4721	10.7353	13.8305	7.7922	15.4066	4.7463	16.7742	1.6455	17.7285	-1.3737	17.7689	-4.3295	17.3517	-7.1998	16.5514	-9.8574	15.0751	-12.3466	13.2494	-14.3227	10.2863	-16.0536	7.1140	-16.0582	0.6687	-15.7621	-5.4751	-15.2858	-11.1451	-15.9544	-14.2461	-16.7516	-16.8619	-17.6884	-19.0713	-19.0403	-20.5931	-19.5308	-23.1213	-20.2534	-25.2130
pl03	1.2940	24/03/2017 14:49:08	Mowie paga teraz	a	67.7749	34.1871	34.2024	82.8410	53.3495	53.9869	62.5152	-10.7895	58.6001	-11.6596	56.0548	-11.0446	53.9314	-9.9415	51.8990	-8.7338	49.8922	-7.4928	47.9654	-6.0988	45.6931	-5.3479	43.7151	-4.0094	41.7086	-2.6676	39.6892	-1.2667	37.6056	0.0749	35.5471	1.6508	33.4265	3.2438	31.3219	5.2327	29.1001	7.1574	26.8382	9.5123	24.4005	11.5533	21.8359	13.5379	19.1282	15.0899	16.3132	15.8562	13.4575	16.1920	10.5450	16.9996	7.6521	16.8788	4.7418	16.8087	1.8113	16.7302	-0.9872	15.8565	-3.7857	15.0735	-6.2960	13.2748	-8.5588	10.9359	-10.6054	8.3094	-11.9665	4.2778	-13.0639	0.2086	-13.8832	-3.9102	-14.5737	-7.7673	-15.8753	-10.0989	-16.5231	-13.3143	-17.5332	-15.6763	-18.6653	-17.6963	-19.5465	-19.9307	-20.6227	-21.7914	-24.6931	-20.1746
pl03	1.2154	24/03/2017 14:49:13	Mowie pata teraz	a	77.0085	38.2881	39.9651	75.2105	-2.3384	2.6512	68.6091	-3.6554	66.2966	-1.9861	63.9147	-0.4262	61.4640	1.0136	58.8901	2.2338	56.4946	3.7080	53.6924	4.4400	50.6238	4.5316	47.9102	5.1848	45.0993	5.5066	42.2082	5.4594	39.0992	4.5302	36.2631	4.0623	33.4527	3.3447	30.9384	3.5087	28.4136	3.4693	25.9716	3.7459	23.5564	4.2021	21.1463	4.8772	18.7244	6.0403	16.2213	6.4217	13.6728	7.6234	11.0600	8.4233	8.4550	8.4390	5.8332	8.4414	3.2138	8.2845	0.5418	8.2911	-2.0260	7.7003	-4.6926	7.4620	-7.1901	6.5731	-9.6609	5.6296	-11.9668	4.2786	-14.0906	2.5800	-16.0048	0.5563	-17.5224	-2.0799	-18.5416	-5.3675	-19.9195	-7.7498	-20.1477	-11.7106	-20.9678	-14.4556	-22.1675	-16.5015	-23.1701	-18.6888	-24.5416	-20.3465
pl03	1.2074	24/03/2017 14:49:17	Mowie pudu teraz	u	78.9754	35.5520	38.6243	83.2029	-12.0265	12.0242	67.2301	-5.2697	65.1109	-3.4764	64.2603	0.0407	61.6660	1.3074	58.9755	2.3678	56.4686	3.6640	53.8403	4.7122	51.2612	5.8088	48.3156	6.0732	45.5670	6.6342	42.4858	6.2007	39.5713	5.9383	36.5858	5.1492	33.8268	4.7873	31.2957	5.1150	28.7599	5.3300	26.3721	6.4107	23.9890	7.9693	21.5111	9.4590	18.9722	11.5932	16.2881	13.2820	13.4911	14.8536	10.6366	15.4731	7.7384	15.9722	4.8671	15.8486	1.9932	15.6348	-0.8075	14.9674	-3.6182	14.3715	-6.0585	12.4141	-8.3697	10.3332	-10.1280	6.9547	-11.5329	3.1721	-12.5291	-1.0266	-13.4056	-4.9158	-14.9604	-7.0215	*	*	*	*	*	*	*	*	*	*	*	*	-26.4133	-18.2224
pl03	1.1265	24/03/2017 14:49:21	Mowie pogo teraz	O	58.8613	63.3907	61.4509	82.9225	33.6170	33.5558	61.1608	-12.3750	*	*	*	*	*	*	*	*	*	*	*	*	41.7310	-13.2864	39.2267	-13.8465	37.8593	-11.9476	36.6631	-9.3469	35.6239	-5.8359	34.0206	-3.4907	32.1518	-1.6715	29.9353	-1.0005	27.7595	-0.0447	25.5524	0.9567	23.3122	2.0751	21.0509	3.6792	18.7271	6.1022	16.2535	9.7206	13.5530	12.3913	10.7048	14.3383	7.8053	15.2689	4.8801	15.7486	1.9525	15.8794	-0.8791	15.3213	-3.6792	14.6270	-6.4090	13.6844	-9.1084	12.6877	-11.7565	11.5753	-13.9574	9.3547	-15.8516	6.6474	-17.4465	3.5914	-18.4475	-0.2956	-19.1439	-4.2987	-18.8891	-9.4379	-19.2181	-13.1206	-19.4491	-16.5931	-20.5769	-18.5826	*	*	-21.2532	-24.0784
pl03	1.5356	24/03/2017 14:50:29	Mowie paka teraz	a	73.5754	-12.1381	13.7946	74.0005	6.2196	6.5823	63.9623	-9.0953	*	*	*	*	*	*	*	*	*	*	50.9437	-0.6180	48.4077	0.0914	45.9585	0.9075	43.3463	1.2805	40.9349	2.0594	38.4806	2.6849	36.0905	3.4810	33.6737	4.1970	31.2254	4.7989	28.7896	5.4892	26.3268	6.1096	23.8224	6.5181	21.3040	6.8570	18.7747	7.1686	16.2336	7.6816	13.6631	8.0087	11.0395	8.7652	8.4269	8.7341	5.8162	8.5715	3.2451	8.0958	0.7764	7.1304	-1.5530	5.7182	-3.7991	4.2228	-6.0382	2.9016	-8.1645	1.3840	-10.2313	-0.1469	-12.2448	-1.6833	-13.9207	-3.8313	-15.6195	-5.7502	-17.1609	-7.8176	-18.7167	-9.7204	-20.2500	-11.5554	-21.7463	-13.3599	-22.9650	-15.4580	-24.2723	-17.3465	-25.0044	-19.8212
pl03	0.9227	24/03/2017 14:50:35	Mowie poko teraz	O	80.3190	-12.4194	12.2820	79.1517	7.6013	7.8159	68.0703	-4.2862	*	*	*	*	*	*	*	*	*	*	54.2595	5.4837	51.5434	6.3742	48.9037	7.3622	46.2737	8.3380	43.6831	9.3976	40.6499	9.1557	37.5775	8.4892	34.5248	7.4785	31.7927	7.3489	29.1122	7.2226	26.4993	7.2572	23.9358	7.5060	21.3818	7.8352	18.8150	8.0709	16.2399	8.3250	13.6209	9.6883	10.8992	11.1005	8.0664	12.5234	5.2844	12.6492	2.5181	12.4737	-0.1335	11.6323	-2.7421	10.7008	-5.2216	9.3800	-7.1209	6.3526	-8.7895	3.1572	-10.3126	0.0605	-12.2930	-1.5720	-14.2128	-3.2164	-16.2408	-4.5518	*	*	*	*	*	*	*	*	*	*	*	*	-27.1557	-17.3799
pl03	1.4783	24/03/2017 14:50:39	Mowie pugu teraz	u	64.1737	66.2542	66.0694	81.3193	0.8186	1.2493	52.7236	-22.2523	*	*	*	*	50.4592	-14.9913	48.6261	-13.8683	47.0594	-12.2987	45.3041	-10.9960	43.2022	-10.3387	41.1686	-9.5906	39.3578	-8.3350	37.2991	-7.6487	35.4350	-6.3995	33.4809	-5.3082	31.5717	-3.9081	29.5789	-2.6025	27.5663	-1.0823	25.5343	0.8365	23.5045	3.7500	21.3724	7.7165	18.9220	10.4690	16.2866	13.1257	13.4833	15.1654	10.5906	16.2401	7.6631	16.7628	4.6257	17.6987	1.5917	18.0521	-1.4526	18.1592	-4.1686	16.6779	-6.4593	13.8670	-7.7033	8.2091	*	*	*	*	*	*	*	*	*	*	*	*	*	*	*	*	*	*	*	*	*	*	-33.6549	-10.0041
pl03	1.0264	24/03/2017 14:50:43	Mowie podo teraz	O	76.0193	97.2193	98.5992	78.8943	-43.1963	42.7227	68.2910	-4.0278	*	*	*	*	*	*	*	*	*	*	*	*	49.2131	1.7051	47.3206	3.8927	44.7266	4.6081	41.2828	2.9885	37.9334	1.0528	35.1458	0.2993	32.6667	0.3139	30.2705	0.5066	27.9188	0.8113	25.5713	1.0830	23.2365	1.4158	20.8912	1.6732	18.5490	2.1104	16.1858	2.7728	13.7487	4.6035	11.1718	6.5620	8.4055	8.9588	5.5751	10.4201	2.5676	12.1756	-0.3530	12.7186	-3.1834	12.5497	-5.7752	11.3867	-8.4428	10.5663	-11.1245	9.7823	-13.2739	7.6117	-15.1672	5.0667	*	*	-17.4647	-2.1912	-18.6061	-5.2529	*	*	*	*	*	*	*	*	*	*	-21.1754	-24.1667
pl03	1.2201	24/03/2017 14:50:47	Mowie putu teraz	u	78.9058	15.5983	18.2686	84.3604	-13.4517	13.2153	69.2675	-2.8846	66.7088	-1.4680	64.1639	-0.0895	61.7610	1.4456	59.1395	2.6251	56.7547	4.1493	54.2028	5.3793	51.3356	5.9578	48.4792	6.4319	45.5277	6.5395	42.4391	6.0759	39.4766	5.6559	36.8527	6.0481	34.2656	6.4790	31.4789	5.9383	29.1897	7.6389	26.6925	8.5430	24.2388	10.1454	21.6517	11.2247	19.0482	13.2972	16.3052	15.0308	13.4452	16.6813	10.5031	17.6969	7.5417	18.0399	4.5546	18.2442	1.5656	18.2092	-1.2670	17.2408	-3.9743	15.8637	-6.6367	14.5100	*	*	*	*	*	*	*	*	*	*	*	*	*	*	*	*	*	*	*	*	*	*	*	*	-37.5021	-5.6381
pl03	1.2368	24/03/2017 14:50:51	Mowie poto teraz	O	77.1189	42.9536	45.8429	78.3579	-33.8131	34.0364	68.6941	-3.5559	65.7932	-2.6189	63.0408	-1.6068	60.5292	-0.3459	57.9179	0.7087	55.4782	1.9838	52.7272	2.6639	50.3944	4.0720	47.5728	4.4455	44.8198	4.8330	42.0052	4.9173	39.0187	4.2899	36.1921	3.8230	33.4203	3.2196	30.8267	3.0068	28.3106	2.9162	25.8266	2.7815	23.3977	2.8195	21.0211	3.3050	18.6489	4.3487	16.2181	6.0863	13.6716	7.6694	11.0276	8.9638	8.2925	10.1468	5.5329	10.7441	2.7228	11.2412	-0.1158	11.5449	-2.9089	11.3997	-5.6496	10.9314	-8.2915	10.0838	-10.7759	8.7932	-12.6669	6.0639	-14.4779	3.4746	-15.9417	0.4236	-17.2887	-2.5306	-18.5711	-5.3151	-19.9464	-7.7057	-21.2449	-10.0464	-22.5876	-12.1758	-24.0758	-14.0047	-25.4617	-15.8979	-26.5764	-18.0373
pl03	1.5030	24/03/2017 14:50:56	Mowie pada teraz	a	78.9912	2.0263	4.5418	74.7726	-36.5744	36.7197	67.8624	-4.5296	*	*	*	*	*	*	*	*	56.0018	2.8720	53.8288	4.6911	51.3159	5.9183	48.8396	7.2219	45.9787	7.6268	42.4911	6.2149	39.1304	4.6231	36.0223	3.2511	33.2352	2.5061	30.6197	2.0764	28.1529	2.0691	25.7372	2.1868	23.3721	2.5969	21.0245	3.3475	18.6453	4.2698	16.2142	5.6906	13.6886	6.9937	11.0747	8.1787	8.4376	8.6217	5.7529	9.0570	3.1657	8.5742	0.4835	8.5794	-2.0650	7.8637	-4.6203	7.2000	-6.9516	5.8129	-9.2244	4.3912	-11.3877	2.8018	-13.3027	0.7601	-14.9868	-1.5868	-16.8835	-3.3122	-18.4957	-5.4489	-19.8345	-7.8891	-21.0047	-10.4107	-21.8599	-13.1999	-22.6851	-15.8243	-23.0200	-18.8717	-24.1122	-20.8338
pl03	1.3094	24/03/2017 14:51:00	Mowie puku teraz	u	61.8498	39.3079	37.5840	85.8290	8.5037	9.3981	59.7069	-14.0770	55.2817	-15.8304	53.0197	-15.1450	50.8376	-14.4410	48.8939	-13.4481	46.8559	-12.6439	44.8318	-11.8651	42.9911	-10.7616	41.1232	-9.6901	39.1218	-8.9038	37.3684	-7.4636	35.4582	-6.3302	33.4501	-5.4120	31.5061	-4.1611	29.5025	-2.9458	27.5085	-1.3932	25.3926	-0.1065	23.2531	1.5603	21.1000	4.2958	18.8037	7.8187	16.2728	11.7101	13.4907	14.8688	10.5097	17.5867	7.4735	18.7565	4.3898	19.5075	1.3544	19.4814	-1.7291	19.5272	-4.7308	19.0333	-7.6156	18.0589	-10.2809	16.4251	-12.4767	13.6187	-14.1114	9.7475	-15.8453	6.6331	-16.5654	1.7365	-18.1981	-0.7766	-18.7193	-5.0521	-19.5395	-8.3724	-19.6226	-12.5071	-21.1534	-14.1943	-21.4338	-17.4614	-22.3654	-19.6690	-22.6875	-22.4507
pl03	1.4726	24/03/2017 14:51:05	Mowie paga teraz	a	69.8040	37.7235	37.9242	84.8661	43.7508	45.0134	60.4917	-13.1584	58.6313	-11.6203	56.7420	-10.1162	54.8793	-8.5629	53.0502	-6.9277	51.0839	-5.4712	48.9451	-4.2960	46.8991	-2.9314	44.8524	-1.5169	42.6924	-0.2958	40.5747	1.0978	38.3265	2.2254	35.9549	3.0242	33.6006	3.9148	31.4192	5.6701	29.1673	7.5183	26.8185	9.3811	24.4083	11.6216	21.8647	13.8994	19.1767	16.1754	16.3315	17.7380	13.3861	19.0327	10.3779	19.7810	7.4012	19.5162	4.4420	19.1077	1.5907	18.0586	-1.2082	16.9496	-3.8028	15.1450	-6.0467	12.3712	-8.2577	9.9760	-9.8138	6.0634	-11.6665	3.5129	-12.9508	-0.0526	-14.3191	-2.9926	-15.6986	-5.5977	-17.0307	-8.0487	-18.3223	-10.3666	-19.8129	-12.2184	-21.0372	-14.3579	-21.9419	-16.7967	-22.9853	-18.9139	-25.0740	-19.7423
pl03	1.1413	24/03/2017 14:51:09	Mowie pata teraz	a	77.8487	88.6771	90.7477	75.5234	-45.0565	46.3815	68.2566	-4.0680	65.7701	-2.6479	63.3829	-1.1446	61.1423	0.5457	58.5238	1.6591	56.2569	3.3048	53.7205	4.4918	51.0790	5.4436	48.3556	6.1611	45.4607	6.3781	42.4507	6.1070	39.3348	5.2330	36.4928	4.8360	33.6871	4.2484	30.9251	3.4490	28.3760	3.2675	25.9587	3.6607	23.5173	3.8609	21.0882	4.1476	18.6727	4.8823	16.2129	5.5612	13.7139	5.9865	11.1371	7.1402	8.5365	7.5815	5.9597	7.4719	3.2714	7.9374	0.5596	8.2030	-2.2188	8.5083	-4.8410	8.0001	-7.3315	7.0238	-9.8184	6.0765	-11.9262	4.1750	-13.7362	1.7614	-15.3790	-0.7612	-17.0470	-2.9969	-18.8691	-4.7864	-19.9759	-7.6574	-21.0366	-10.3624	-22.1319	-12.8171	-22.6683	-15.8462	-23.5473	-18.2294	-24.8529	-19.9932
pl03	1.1557	24/03/2017 14:51:13	Mowie pudu teraz	u	78.5129	56.7281	57.7747	84.4713	-16.9630	16.1103	73.5074	2.0790	*	*	*	*	*	*	*	*	*	*	52.1516	1.6046	49.9156	3.1126	48.0392	5.4676	45.4599	6.3760	42.3344	5.7965	39.0196	4.2929	36.2136	3.8954	33.7638	4.5443	31.2519	4.9181	28.7637	5.3502	26.2695	5.7280	23.7583	5.9603	21.2461	6.1298	18.7831	7.3570	16.2485	9.2072	13.5489	12.5555	10.6553	15.1627	7.6164	17.2544	4.6247	17.7064	1.6206	17.8780	-1.3614	17.7080	-4.3079	17.2615	-7.1204	16.2635	-9.8109	14.9270	-12.1292	12.6326	*	*	*	*	*	*	*	*	*	*	*	*	*	*	*	*	*	*	*	*	-19.2101	-26.3970
pl03	1.2706	24/03/2017 14:51:17	Mowie pogo teraz	O	59.8766	31.3789	29.5724	84.0596	51.9681	52.5634	55.3117	-19.2225	52.0994	-19.8301	50.2734	-18.8550	48.5329	-17.7928	46.8151	-16.7094	45.0572	-15.6954	43.3023	-14.6798	41.8196	-13.1090	40.1138	-11.9023	38.5236	-10.3460	37.1527	-8.0398	35.4879	-6.2417	33.7128	-4.5274	31.8126	-2.9792	29.7993	-1.6118	27.6178	-0.8060	25.4704	0.4114	23.3021	1.9870	21.1284	4.6522	18.8161	8.0950	16.2639	10.7916	13.5328	13.1938	10.6968	14.4720	7.7698	15.6414	4.7361	16.8528	1.7224	17.2653	-1.2442	17.1278	-4.1614	16.6474	-6.9182	15.5306	-9.5147	13.9829	-11.8673	11.8898	-13.7011	8.7013	-15.1644	5.0602	-16.1794	0.9239	-16.7855	-3.5012	-17.7621	-6.7506	-18.6255	-9.8697	-19.3165	-12.9714	-19.9937	-15.8266	-20.6756	-18.4535	-21.9142	-20.2185	-22.5707	-22.5832
pl03	1.7215	24/03/2017 14:51:43	Mowie paka teraz	a	67.3189	26.1028	25.9285	83.1199	70.7199	71.9792	66.9048	-5.6506	*	*	*	*	*	*	*	*	*	*	53.4660	4.0234	49.1131	1.5047	43.2564	-5.0147	41.4508	-3.2891	39.5413	-1.6617	37.5880	0.0226	35.7192	2.2304	33.6122	3.9596	31.2759	5.0258	29.0423	6.8472	26.7056	8.6297	24.2617	10.3448	21.6971	11.7949	19.0463	13.2535	16.3030	14.8057	13.4671	15.8110	10.5221	17.3808	7.5542	17.9085	4.6448	17.5527	1.8020	16.7859	-0.9789	15.8152	-3.5074	13.9073	-6.0153	12.2574	-8.3933	10.4084	-9.5637	5.3539	-11.6654	3.5101	-13.7992	1.9071	-15.4166	-0.6821	-17.3535	-2.4058	-18.8019	-4.9056	-20.6391	-6.5708	-22.1036	-8.7439	*	*	*	*	*	*	-34.0408	-9.5662
pl03	1.3092	24/03/2017 14:51:47	Mowie poko teraz	O	58.8333	49.8163	48.2745	82.6844	61.7502	62.3042	65.5798	-7.2018	*	*	*	*	*	*	*	*	*	*	*	*	42.4582	-11.8295	39.7460	-12.7085	37.8831	-11.8902	36.3522	-10.1770	34.7237	-8.5211	32.9819	-6.9891	31.0302	-5.9960	29.0778	-4.8547	27.2223	-2.9304	25.1573	-1.6716	23.0042	-0.6079	20.7166	-0.5194	18.4899	0.7873	16.1988	4.1112	13.6599	8.1361	10.7962	12.8154	7.7823	15.5102	4.7167	17.0012	1.8010	16.7918	-0.9665	15.7542	-3.6693	14.5855	-6.3340	13.4128	-9.0729	12.5747	-11.7171	11.4636	-14.0134	9.4976	*	*	*	*	*	*	*	*	*	*	*	*	*	*	*	*	*	*	-24.2638	-20.6617
pl03	1.1266	24/03/2017 14:51:51	Mowie pugu teraz	u	62.4603	18.6875	19.3740	84.2890	22.5800	22.7518	59.9109	-13.8382	55.8041	-15.1738	53.7691	-14.1325	51.4849	-13.4997	49.3545	-12.7256	47.2514	-11.9730	45.3596	-10.8940	43.4724	-9.7974	41.6679	-8.4963	39.9079	-7.0088	38.0117	-5.7461	36.1895	-4.1488	34.3061	-2.5290	32.2868	-1.1507	30.3870	1.0302	28.3061	2.8917	26.1656	5.0373	23.9155	7.3297	21.4990	9.3069	18.9807	11.7836	16.2927	13.7530	13.4812	15.2467	10.5429	17.0337	7.5668	17.7754	4.5212	18.5000	1.5746	18.1551	-1.3183	17.4946	-3.5929	14.2656	*	*	*	*	*	*	*	*	*	*	*	*	*	*	*	*	*	*	*	*	*	*	*	*	*	*	-37.3467	-5.8145
pl03	0.9602	24/03/2017 14:51:55	Mowie podo teraz	O	78.3803	21.0922	23.5283	79.7331	-29.1298	28.9368	66.0721	-6.6254	*	*	*	*	60.3341	-0.6297	58.0835	0.9684	56.6992	4.0552	54.2034	5.3804	51.5536	6.3947	48.6065	6.7109	45.4791	6.4223	42.6213	6.5625	39.4733	5.6460	36.4788	4.7888	33.6641	4.1598	31.0809	4.1494	28.6096	4.5223	26.1398	4.8650	23.7234	5.6562	21.3067	6.8915	18.8068	7.8882	16.2509	9.4536	13.5799	11.3219	10.8263	12.3157	8.0130	13.0850	5.1824	13.4311	2.3116	13.7175	-0.4812	13.3526	-3.2101	12.6617	-5.8973	11.8296	-8.2473	9.9428	-10.6299	8.3788	-12.5151	5.6768	-13.6411	1.5417	*	*	*	*	*	*	*	*	*	*	*	*	*	*	*	*	-33.7413	-9.9061
pl03	1.1659	24/03/2017 14:51:59	Mowie putu teraz	u	77.9344	67.6423	71.1978	82.6905	-36.8520	37.0156	68.7527	-3.4873	66.1742	-2.1399	64.0788	-0.2046	61.4485	0.9910	59.1786	2.6864	56.7266	4.1016	54.2663	5.4962	51.6773	6.6423	48.9592	7.4840	46.0928	7.9018	43.1367	7.9386	40.2515	7.9674	37.2944	7.5357	34.4334	7.1261	31.6894	6.8844	29.1056	7.1870	26.6514	8.2694	24.1314	9.2095	21.6490	11.1898	19.0247	12.7706	16.2932	13.8049	13.4904	14.8822	10.6410	15.4002	7.7848	15.4843	4.8702	15.8245	1.9856	15.6803	-0.8247	15.0525	-3.4826	13.8034	-6.0263	12.2972	-8.3932	10.4081	-10.4406	7.8418	-12.4106	5.4102	-14.3167	3.1022	-16.0731	0.7002	-17.2786	-2.5502	-18.3220	-5.7572	-19.6069	-8.2619	-20.5647	-11.0781	-21.3474	-13.9213	-22.1694	-16.4990	-22.6650	-19.3040	-22.2939	-22.8974
pl03	1.3117	24/03/2017 14:52:03	Mowie poto teraz	O	77.0754	37.8754	40.5468	78.9120	-16.4005	16.1377	71.0490	-0.7991	68.2715	0.4961	65.7962	2.1157	63.2291	3.5807	60.4087	4.6163	57.0324	4.6205	54.1226	5.2317	51.1165	5.5189	48.0093	5.4020	44.9160	5.0648	41.9167	4.6811	38.4489	2.5905	35.2215	0.5540	32.5892	0.0152	30.1944	0.1644	27.9191	0.8129	25.6057	1.3114	23.3203	2.1459	21.0783	4.0234	18.7051	5.6092	16.2254	6.8383	13.6333	9.1957	10.9177	10.7923	8.1491	11.6541	5.3685	12.0044	2.5440	12.3177	-0.2471	12.1945	-2.9012	11.3672	-5.6416	10.9025	-8.2522	9.9586	-10.6056	8.3100	-12.7491	6.2736	*	*	*	*	*	*	*	*	*	*	*	*	*	*	*	*	*	*	-34.6039	-8.9272
pl03	1.3885	24/03/2017 14:52:08	Mowie pada teraz	a	78.3657	36.3321	38.5892	74.7674	-47.7979	48.8058	66.2652	-6.3993	*	*	*	*	*	*	58.1265	1.0360	55.6811	2.3281	54.2214	5.4135	51.3615	6.0097	48.6766	6.8646	45.7996	7.1950	42.7922	7.0189	39.7894	6.5888	36.7027	5.5428	33.8329	4.8107	31.0362	3.9483	28.4818	3.8356	25.9896	3.8660	23.5335	4.0024	21.0867	4.1290	18.6716	4.8569	16.2064	4.8850	13.7118	6.0708	11.1567	6.8136	8.5759	7.1680	5.9562	7.4986	3.3498	7.4656	0.7265	7.3771	-1.7624	6.5959	-4.2408	5.8242	-6.6509	4.8546	-8.8290	3.2692	-10.7280	1.1197	-12.5867	-0.8937	-14.4581	-2.7000	-16.1069	-4.8100	-17.7926	-6.6967	-19.5763	-8.3120	-21.1366	-10.2107	-23.0810	-11.4813	-24.5188	-13.4250	-26.1000	-15.1205	-27.4796	-17.0123
pl03	1.1325	24/03/2017 14:52:12	Mowie puku teraz	u	60.9659	6.1854	5.8360	84.6601	26.6090	26.1827	58.3057	-15.7174	*	*	*	*	*	*	*	*	45.1459	-15.5449	42.8452	-15.5210	41.6028	-13.5434	40.3135	-11.4645	38.9062	-9.4237	36.6217	-9.4574	34.9033	-7.9853	33.1130	-6.5475	31.4793	-4.2643	29.3840	-3.4783	27.3495	-2.2470	25.2204	-1.2522	23.0499	-0.2092	20.8866	1.6160	18.6547	4.4803	16.2414	8.4822	13.5679	11.7978	10.7025	14.3763	7.7424	15.9299	4.7467	16.7712	1.7280	17.2315	-1.2637	17.2243	-4.2430	16.9894	-7.0862	16.1396	-9.6719	14.4837	*	*	*	*	*	*	*	*	*	*	*	*	*	*	*	*	*	*	*	*	*	*	-26.1881	-18.4779
pl03	1.4266	24/03/2017 14:52:16	Mowie paga teraz	a	69.3536	20.5240	20.4588	83.9361	44.6231	46.5120	66.8780	-5.6820	*	*	*	*	*	*	*	*	53.8920	-0.7072	51.5987	0.5872	49.3192	1.9176	44.1304	-3.0994	42.1833	-1.5233	40.2015	0.1013	38.0977	1.5429	36.1093	3.5443	33.9563	5.2866	31.8058	7.4079	29.5936	9.8085	27.1502	11.5881	24.5908	13.2112	21.9579	15.0694	19.2158	17.0523	16.3385	18.4561	13.3749	19.4792	10.3776	19.7869	7.3895	19.6396	4.4427	19.1017	1.6075	17.9573	-1.1691	16.7563	-3.8569	15.3716	-6.3907	13.6181	-8.9081	12.0491	-8.7989	3.1838	*	*	*	*	*	*	*	*	*	*	*	*	*	*	*	*	*	*	*	*	-32.9129	-10.8462
pl03	1.4659	24/03/2017 14:52:20	Mowie pata teraz	a	78.2258	2.6774	4.8874	74.6616	-2.7882	3.2671	69.4700	-2.6475	67.0806	-1.0007	64.6541	0.5728	61.9978	1.7899	59.4650	3.1358	56.7857	4.2020	54.1630	5.3060	51.3691	6.0250	48.3126	6.0667	45.4695	6.3993	42.3619	5.8698	39.1162	4.5808	36.0228	3.2528	33.3009	2.7593	30.7453	2.6409	28.3271	3.0046	25.9647	3.7003	23.5552	4.1910	21.1524	4.9540	18.7080	5.6728	16.2219	6.4773	13.6821	7.2527	11.1092	7.6050	8.5021	7.9437	5.8507	8.3073	3.2233	8.2271	0.7040	7.4885	-1.8625	7.0153	-4.4090	6.4338	-6.9858	5.9219	-9.3217	4.6672	-11.3045	2.5898	-12.8505	-0.2844	-14.3406	-2.9473	-15.9067	-5.1963	-17.5715	-7.0890	-19.1674	-8.9820	-20.6311	-10.9774	-22.3773	-12.4717	-23.8343	-14.3207	-25.2034	-16.2125	-26.5560	-18.0604
pl03	1.2636	24/03/2017 14:52:24	Mowie pudu teraz	u	78.3395	55.0959	56.9353	83.5692	-27.8051	27.1002	65.3444	-7.4774	*	*	*	*	*	*	*	*	*	*	53.0775	3.3084	50.5562	4.3962	48.1277	5.6615	44.9451	5.1349	41.8972	4.6289	38.7845	3.5916	36.3058	4.2061	33.7816	4.6129	31.3002	5.1349	28.8113	5.6060	26.3147	6.0291	23.8128	6.4346	21.3554	7.5037	18.8846	9.6303	16.2748	11.9105	13.5106	14.0785	10.6413	15.3955	7.7019	16.3550	4.7339	16.8698	1.7851	16.8877	-1.1680	16.7511	-3.9919	15.9374	-6.7276	14.8397	-9.3106	13.3323	-11.3335	10.3751	-12.2293	4.9481	*	*	*	*	*	*	-15.3096	-11.1029	*	*	-18.2891	-14.5298	-20.2038	-15.5309	-22.2511	-16.3920	*	*	-25.9197	-18.7825
pl03	1.1257	24/03/2017 14:52:28	Mowie pogo teraz	O	62.3726	46.4198	45.8187	83.3993	38.7965	39.4203	53.1608	-21.7404	50.5974	-21.7180	48.9912	-20.5872	47.6812	-19.0315	46.1106	-17.8146	44.8599	-16.0300	43.6545	-14.0316	42.4722	-11.8014	41.2263	-9.4641	39.7811	-7.3144	38.2509	-5.1072	36.4231	-3.4523	34.3690	-2.3173	32.2497	-1.2939	30.0784	-0.3572	28.0194	1.3519	26.0458	4.2398	23.9595	7.7127	21.6366	11.0349	19.0257	12.7916	16.3011	14.6137	13.4744	15.5199	10.6049	16.0021	7.6989	16.3872	4.7567	16.6944	1.8419	16.5459	-1.0602	16.2176	-3.9570	15.7911	-6.7059	14.7611	-9.4080	13.6426	-11.8956	11.9698	-13.9294	9.2835	-15.5605	5.9751	-16.7561	2.1380	-18.3266	-0.5287	-19.4125	-3.8220	-20.8755	-6.1835	-21.9808	-8.9301	-22.9124	-11.7186	-23.7834	-14.3872	*	*	*	*
