pl05	1.5975	26/05/2017 18:28:59	Mowie pata teraz	max_TT	69.9597	-0.4292	0.2670	75.2708	20.2389	21.4558	*	*	*	*	*	*	*	*	*	*	*	*	*	*	23.9466	6.0818	21.5003	6.2907	19.0531	6.4324	16.6042	6.4608	14.1623	7.0109	11.6762	7.7687	9.1206	8.7008	6.4780	9.7322	3.8250	10.1735	1.1444	10.4473	-1.5093	10.3442	-4.1232	9.9495	-6.7119	9.4042	-9.2342	8.6108	-11.7088	7.6818	-14.1274	6.6197	-16.4782	5.4190	-18.7385	4.0553	-20.8119	2.3728	-22.7750	0.5710	-24.4687	-1.5884	-26.0596	-3.7829	-27.6160	-5.9129	-29.1086	-8.0318	*	*	*	*	*	*	*	*	*	*	*	*	*	*	*	*	*	*	*	*	*	*
pl05	1.3505	26/05/2017 18:29:03	Mowie paga teraz	max_TD	68.6817	7.8907	8.5411	88.4952	-9.2201	5.4283	*	*	*	*	*	*	*	*	*	*	*	*	*	*	*	*	21.1922	3.4704	18.8723	3.9907	16.5431	4.8971	14.1617	6.8908	11.5697	11.2453	8.7922	13.7060	5.5607	18.8410	2.5537	19.5168	-0.6048	20.6322	-3.8094	21.4095	-7.1022	22.1327	-10.3100	22.1729	-13.4074	21.6599	-15.9033	19.3760	-17.8798	16.0350	-18.8660	10.8518	-18.9848	4.5665	-18.8859	-1.2923	-19.1167	-5.8379	-20.3070	-8.3224	-21.6755	-10.3532	-22.8924	-12.4838	-24.3383	-14.2020	-26.4993	-15.0072	-28.0353	-16.5936	-29.6568	-18.0740	-31.3675	-19.4723	*	*	*	*	*	*	*	*	*	*	*	*	*	*
pl05	1.4205	26/05/2017 18:29:11	Mowie poto teraz	max_TT	67.8427	-1.2741	0.8602	73.1529	32.6042	33.1345	*	*	*	*	*	*	*	*	*	*	*	*	*	*	23.5889	3.6091	21.2272	3.7908	18.8677	3.9292	16.5100	4.0514	14.1508	4.2814	11.7734	4.5999	9.3552	5.1239	6.8914	5.6278	4.3756	6.1265	1.8281	6.4667	-0.7020	6.4605	-3.2753	6.4818	-5.8519	6.3526	-8.4384	6.1226	-11.0280	5.7837	-13.5358	5.1353	-15.9993	4.3294	-18.4257	3.4060	-20.7614	2.2768	-23.0038	0.9718	-24.9761	-0.7673	-26.4673	-3.1719	-27.7098	-5.7823	-28.8697	-8.3408	-30.0414	-10.7416	-31.5851	-12.6098	*	*	*	*	*	*	*	*	*	*	*	*	*	*	*	*	*	*
pl05	1.4865	26/05/2017 18:29:17	Mowie podo teraz	max_TT	66.6123	-3.0880	1.9913	69.1387	-17.6868	18.2915	*	*	*	*	*	*	*	*	*	*	*	*	*	*	23.4631	2.7396	21.1369	2.9640	18.8033	3.0603	16.4719	3.0749	14.1463	3.2194	11.8094	3.4271	9.4528	3.6363	7.0793	3.7622	4.7070	3.6908	2.3422	3.4734	-0.0192	3.1760	-2.3943	2.8789	-4.7609	2.4807	-7.1224	2.0076	-9.5032	1.5327	-11.8790	0.9781	-14.2490	0.3473	-16.5847	-0.4153	-18.7874	-1.4798	-20.9829	-2.5685	-23.0702	-3.8514	-24.8015	-5.6683	-26.4693	-7.5080	-27.6818	-9.8773	-28.5204	-12.5733	-29.1340	-15.3605	-29.7836	-17.9414	-30.4346	-20.3828	-31.3039	-22.5088	-32.6011	-24.1989	*	*	*	*	*	*	*	*	*	*
pl05	1.5425	26/05/2017 18:29:25	Mowie pada teraz	max_TT	68.5997	-1.6270	0.8717	67.1916	-32.0415	34.0252	*	*	*	*	*	*	*	*	*	*	*	*	*	*	23.7375	4.6365	21.3400	4.8227	18.9414	4.9250	16.5449	4.9433	14.1538	5.0046	11.7584	5.0900	9.3594	5.0601	6.9639	4.9079	4.5931	4.5282	2.2739	3.8712	-0.0020	3.0932	-2.2201	2.1665	-4.3836	1.1420	-6.5120	0.0989	-8.5898	-1.0137	-10.6626	-2.0739	-12.7173	-3.1377	-14.7452	-4.2334	-16.7590	-5.3398	-18.7137	-6.5438	-20.5764	-7.8867	-22.2843	-9.4408	-23.8014	-11.2193	-25.2427	-13.0322	-26.5360	-14.9631	-27.6387	-17.0387	-28.9355	-18.8289	-30.1777	-20.6335	-31.4507	-22.3752	-32.9566	-23.8974	*	*	*	*	*	*	*	*	*	*
pl05	1.4095	26/05/2017 18:29:28	Mowie poko teraz	max_TD	65.5794	22.2721	22.9282	90.8667	-7.8144	4.6024	*	*	*	*	*	*	*	*	*	*	*	*	*	*	*	*	20.9604	1.3472	18.7046	1.7273	16.4338	2.1014	14.1449	2.8908	11.7686	4.7549	9.2273	7.0737	6.4459	10.0514	3.1410	15.2005	-0.4516	19.7404	-3.9100	21.8938	-7.3528	23.1577	-10.6486	23.3745	-13.5221	22.0185	-16.1025	19.9314	-18.5153	17.6297	-20.5635	14.7140	-22.0599	10.9492	-22.8686	6.2867	-23.9411	2.6138	-24.6331	-1.3224	-25.4017	-4.7688	-26.0006	-8.1601	-26.7343	-11.1028	-27.8715	-13.3547	-28.8749	-15.6514	-30.2107	-17.4945	*	*	*	*	*	*	*	*	*	*	*	*	*	*	*	*
pl05	1.3045	26/05/2017 18:29:32	Mowie paka teraz	max_TD	64.3442	10.1833	9.6302	72.7186	3.1185	1.9188	*	*	*	*	*	*	*	*	*	*	*	*	*	*	23.1735	0.7378	20.8842	0.6500	18.6040	0.3687	16.3777	0.6655	14.1358	0.7346	11.8846	0.9731	9.6112	1.2219	7.3338	1.2351	5.0621	1.0805	2.6888	1.4552	0.2437	1.9110	-2.7488	4.3287	-5.7626	6.0357	-8.7257	7.0208	-11.5945	7.3633	-14.1728	6.7337	-16.3865	5.2105	-18.5092	3.5792	-20.3949	1.5793	-22.1557	-0.5140	-23.8460	-2.5960	-25.3581	-4.8342	-26.9349	-6.8604	-28.4011	-8.9469	-29.7937	-11.0398	-31.3765	-12.8438	-32.5001	-15.0987	-33.3632	-17.5246	*	*	*	*	*	*	*	*	*	*	*	*	*	*
pl05	1.2925	26/05/2017 18:29:39	Mowie pogo teraz	max_TD	67.3317	-6.7654	6.1188	88.8165	-8.8806	5.6114	*	*	*	*	*	*	*	*	*	*	*	*	*	*	*	*	*	*	18.8732	4.0031	16.5038	3.8926	14.1511	4.3627	11.7570	5.1339	9.2433	6.8300	6.4388	10.1219	3.2149	14.6570	-0.1958	18.2507	-3.5104	19.9713	-6.8897	21.2638	-10.0541	21.2648	-13.0213	20.4526	-15.8182	19.1390	-18.0141	16.3721	-20.0924	13.6421	-21.1421	9.0442	-21.4970	3.6765	-22.4244	-0.0432	-23.4863	-3.1779	-24.3779	-6.3032	-25.4124	-8.9782	-25.0837	-13.2379	-26.9949	-14.4104	-27.5495	-17.1388	-28.2206	-19.5770	-29.4800	-21.3144	-30.3125	-23.4111	-31.4363	-25.1870	*	*	*	*	*	*	*	*	*	*
pl05	1.5945	26/05/2017 18:29:53	Mowie pata teraz	max_TT	71.1425	-1.5602	1.0223	75.0610	43.3483	44.3344	*	*	*	*	*	*	*	*	*	*	*	*	*	*	24.2594	8.2449	21.7051	8.1660	19.1682	7.9866	16.6534	7.7181	14.1646	7.5799	11.6588	8.3389	9.0847	9.2481	6.4401	10.1088	3.7299	10.8724	1.0613	10.9316	-1.5428	10.5057	-4.1122	9.9045	-6.6184	9.0725	-9.0740	8.1099	-11.4874	7.0647	-13.8631	5.9565	-16.2033	4.7937	-18.4277	3.4102	-20.5736	1.9193	-22.5263	0.1353	-24.2623	-1.9224	-25.8157	-4.1485	-27.2737	-6.3890	-28.7548	-8.4894	-30.3174	-10.4092	*	*	*	*	*	*	*	*	*	*	*	*	*	*	*	*	*	*	*	*
pl05	1.1825	26/05/2017 18:29:56	Mowie paga teraz	max_TD	65.9139	21.4119	21.3337	74.7989	1.9226	1.0452	*	*	*	*	*	*	*	*	*	*	*	*	*	*	*	*	21.0347	2.0283	18.7346	2.1323	16.4398	2.2535	14.1424	2.2918	11.8375	2.5080	9.5223	2.5777	7.1854	2.7079	4.8217	2.8477	2.4013	3.1294	-0.0636	3.3897	-2.7637	4.3895	-5.9663	6.7583	-8.9996	7.8774	-11.9038	8.2257	-14.5185	7.6011	-16.8691	6.3084	-18.9058	4.4024	-20.9627	2.6597	-22.9464	0.8712	-24.7783	-1.0874	-26.4040	-3.2668	-27.6138	-5.9159	-29.0183	-8.1486	-30.2239	-10.5218	-31.5406	-12.6597	-33.1662	-14.4017	*	*	*	*	*	*	*	*	*	*	*	*	*	*	*	*
pl05	1.3035	26/05/2017 18:30:03	Mowie poto teraz	max_TT	67.8619	-1.0910	0.5779	72.2620	26.4549	26.1173	*	*	*	*	*	*	*	*	*	*	*	*	*	*	23.5993	3.6812	21.2421	3.9266	18.8821	4.1231	16.5197	4.2992	14.1516	4.4715	11.7715	4.6620	9.3663	4.9550	6.9214	5.3301	4.4432	5.6299	1.9311	5.8667	-0.5730	5.8401	-3.0623	5.6109	-5.5471	5.2708	-8.0701	4.9710	-10.6204	4.6475	-13.1580	4.1875	-15.6757	3.5932	-18.1519	2.8378	-20.6107	1.9899	-22.9649	0.9036	-25.0722	-0.6118	-26.7523	-2.7448	-27.9667	-5.4250	-29.1985	-7.9156	-30.3217	-10.4040	-31.5937	-12.6000	-33.1960	-14.3705	*	*	*	*	*	*	*	*	*	*	*	*	*	*	*	*
pl05	1.1305	26/05/2017 18:30:09	Mowie podo teraz	max_TT	67.6840	-2.1381	1.0853	69.7376	-0.6294	1.0109	*	*	*	*	*	*	*	*	*	*	*	*	*	*	23.6203	3.8265	21.2478	3.9793	18.8788	4.0789	16.5118	4.0955	14.1507	4.2611	11.7794	4.4045	9.3983	4.4675	7.0103	4.4470	4.6246	4.2961	2.2445	4.0421	-0.1211	3.6662	-2.4907	3.2731	-4.8501	2.7973	-7.2021	2.2569	-9.5455	1.6508	-11.8873	0.9989	-14.1935	0.2211	-16.4918	-0.6080	-18.8183	-1.4210	-21.0559	-2.4406	-23.0912	-3.8174	-24.7333	-5.7706	-26.1054	-8.0143	-27.2279	-10.4644	-28.2007	-12.9582	-29.3256	-15.1455	-30.2134	-17.4916	-30.9782	-19.8523	-31.7913	-22.0652	-32.6679	-24.1422	*	*	*	*	*	*	*	*	*	*
pl05	1.3615	26/05/2017 18:30:16	Mowie pada teraz	max_TT	68.9540	-1.1921	0.6275	69.1215	-40.1497	41.6279	*	*	*	*	*	*	*	*	*	*	*	*	*	*	23.8063	5.1124	21.3898	5.2786	18.9753	5.3823	16.5628	5.4016	14.1558	5.4684	11.7435	5.5740	9.3278	5.5417	6.9118	5.4250	4.5063	5.1661	2.1193	4.7713	-0.2531	4.3009	-2.5861	3.6633	-4.8736	2.8806	-7.1213	2.0041	-9.3084	0.9896	-11.4662	-0.0577	-13.6089	-1.1090	-15.7014	-2.2486	-17.7843	-3.3888	-19.8112	-4.6212	-21.7561	-5.9777	-23.4764	-7.6543	-24.9649	-9.6008	-26.2236	-11.7634	-27.1292	-14.2486	-28.1226	-16.4957	-29.2197	-18.5314	-30.4821	-20.3364	-31.9207	-21.9474	*	*	*	*	*	*	*	*	*	*	*	*
pl05	1.3145	26/05/2017 18:30:19	Mowie poko teraz	max_TD	64.0293	16.9849	17.0660	90.2805	-9.1534	5.3577	*	*	*	*	*	*	*	*	*	*	*	*	*	*	*	*	*	*	18.6073	0.4140	16.3747	0.5887	14.1370	1.0150	11.8311	2.7171	9.4034	4.3895	6.7470	7.0620	3.7759	10.5344	0.4301	14.6068	-3.1050	18.0209	-6.7288	20.6057	-10.4037	22.5057	-13.8987	23.1964	-16.7791	21.8178	-18.8685	18.5158	-20.7851	15.2182	-21.4845	9.7548	-22.9689	6.4776	-23.7109	2.2106	-24.7013	-1.2120	-25.5149	-4.5992	-26.5569	-7.3862	-27.4403	-10.1897	-28.5935	-12.4852	-29.9696	-14.4228	-31.2854	-16.3698	-33.1082	-17.7735	*	*	*	*	*	*	*	*	*	*	*	*	*	*
pl05	1.3365	26/05/2017 18:30:23	Mowie paka teraz	max_TD	69.7050	10.4427	11.0836	89.3421	-7.1945	4.7321	*	*	*	*	*	*	*	*	*	*	*	*	*	*	*	*	*	*	18.9900	5.5803	16.5983	6.3086	14.1628	7.1309	11.6074	10.0141	8.9007	12.0526	5.9330	15.1448	2.7548	18.0391	-0.4496	19.7284	-3.6007	20.4055	-6.8890	21.2609	-9.9980	21.0659	-13.1715	20.9225	-16.0217	19.7061	-18.5573	17.7351	-20.5810	14.7536	-21.7200	10.2437	-23.1787	6.8768	-23.8145	2.3920	-25.2132	-0.3837	-26.1309	-3.6761	-27.2370	-6.4401	-28.2509	-9.1412	-29.5548	-11.3276	*	*	*	*	*	*	*	*	*	*	*	*	*	*	*	*	*	*	*	*
pl05	1.3225	26/05/2017 18:30:30	Mowie pogo teraz	max_TD	68.3834	-11.6539	10.5648	89.7364	-8.1673	5.0697	*	*	*	*	*	*	*	*	*	*	*	*	*	*	*	*	*	*	18.9109	4.5118	16.5521	5.1278	14.1550	5.2901	11.7350	5.8537	9.1870	7.6891	6.4168	10.3406	3.3839	13.4154	0.0939	16.5642	-3.3299	19.1027	-6.7762	20.7998	-10.0100	21.1084	-13.0113	20.4215	-15.8850	19.3250	-18.1698	16.7628	-19.6992	12.7475	-20.3805	7.4635	-20.4915	1.7631	-20.7476	-2.9808	-21.8973	-5.7492	-22.3634	-9.3223	-23.0643	-12.2447	-23.9266	-14.7345	-25.0169	-16.7925	-26.1784	-18.6776	-27.3910	-20.4451	-28.8770	-21.9030	-30.4341	-23.3004	*	*	*	*	*	*	*	*	*	*	*	*
pl05	1.3595	26/05/2017 18:30:44	Mowie pata teraz	max_TT	67.8875	50.2205	50.2815	74.3211	3.2501	3.9387	*	*	*	*	*	*	*	*	*	*	*	*	*	*	*	*	21.2868	4.3358	18.9021	4.3933	16.5224	4.3674	14.1513	4.4159	11.7787	4.4274	9.4023	4.4063	7.0180	4.3709	4.6345	4.2233	2.2298	4.1275	-0.3156	4.6019	-3.0927	5.7351	-5.9840	6.8214	-8.9534	7.7329	-11.8485	8.0714	-14.3914	7.2823	-16.8387	6.2392	-19.1982	5.0094	-21.4607	3.6076	-23.6245	2.0591	-25.6422	0.3105	-27.5243	-1.5878	-28.8984	-4.1289	-29.8829	-7.0302	-30.7813	-9.8505	-31.5908	-12.6033	*	*	*	*	*	*	*	*	*	*	*	*	*	*	*	*	*	*
pl05	1.3125	26/05/2017 18:30:47	Mowie paga teraz	max_TD	71.0488	18.3353	19.7430	86.9927	-6.4869	4.2076	*	*	*	*	*	*	*	*	*	*	*	*	*	*	23.8126	5.1558	21.4112	5.4751	19.0176	5.9529	16.6337	7.2157	14.1711	9.1119	11.5490	11.9195	8.6800	15.4173	5.5195	19.2505	2.3191	21.2410	-0.8673	22.1605	-4.0361	22.5002	-7.0946	22.1017	-9.9763	20.9890	-12.3431	18.3320	-14.3146	14.9467	-15.5609	10.2165	-16.3500	5.1275	-16.8090	0.0502	-17.8706	-3.2244	-18.6420	-6.6694	-19.8271	-9.0990	-20.9659	-11.4168	-22.1881	-13.4637	-23.4294	-15.3777	-24.7529	-17.1104	-26.5148	-18.3000	-28.1582	-19.6423	*	*	*	*	*	*	*	*	*	*	*	*	*	*	*	*
pl05	1.2185	26/05/2017 18:30:54	Mowie poto teraz	max_TT	68.5268	-2.2316	1.4591	73.0328	22.1996	22.3675	*	*	*	*	*	*	*	*	*	*	*	*	*	*	23.7540	4.7509	21.3527	4.9397	18.9557	5.1177	16.5499	5.0706	14.1548	5.2432	11.7475	5.4455	9.3231	5.6138	6.8705	5.8350	4.3787	6.1038	1.8535	6.3190	-0.6854	6.3806	-3.2261	6.2807	-5.7929	6.1432	-8.3543	5.8595	-10.9234	5.4922	-13.5022	5.0510	-15.9926	4.3142	-18.4356	3.4265	-20.7670	2.2875	-22.9770	0.9249	-24.8608	-0.9539	-26.5039	-3.1170	-28.0748	-5.2746	-29.6260	-7.3625	-30.8394	-9.7805	-31.9253	-12.2279	-32.9622	-14.6151	*	*	*	*	*	*	*	*	*	*	*	*	*	*	*	*
pl05	1.3865	26/05/2017 18:31:01	Mowie podo teraz	max_TT	67.4118	-2.5368	1.3428	69.3900	-19.6266	20.3590	*	*	*	*	*	*	*	*	*	*	*	*	*	*	23.5865	3.5924	21.2257	3.7770	18.8640	3.8794	16.5042	3.9012	14.1498	4.0552	11.7864	4.1745	9.4098	4.2919	7.0228	4.3228	4.6393	4.1881	2.2480	4.0217	-0.1095	3.6102	-2.4719	3.1960	-4.8393	2.7590	-7.1849	2.2030	-9.5720	1.7245	-11.9334	1.1147	-14.3138	0.4946	-16.6821	-0.2130	-19.0360	-1.0066	-21.3604	-1.9072	-23.5214	-3.1212	-25.4702	-4.6662	-26.9756	-6.8037	-28.1450	-9.2782	-29.1846	-11.7734	-30.0173	-14.3693	-30.8317	-16.8446	-31.8589	-18.9928	-32.8554	-21.0968	-33.9423	-23.0611	-35.3295	-24.7498	*	*	*	*	*	*	*	*
pl05	1.2235	26/05/2017 18:31:08	Mowie pada teraz	max_TT	67.3161	25.3506	25.3983	74.0869	-18.5566	17.3016	*	*	*	*	*	*	*	*	*	*	*	*	*	*	*	*	21.2283	3.8004	18.8594	3.8175	16.5000	3.7954	14.1489	3.8476	11.7965	3.8476	9.4358	3.8958	7.0623	3.9302	4.6816	3.8778	2.2763	3.8572	-0.3589	4.8099	-3.1184	5.8401	-6.0015	6.8834	-9.0303	7.9733	-11.7411	7.7720	-14.3141	7.0881	-16.7446	6.0253	-19.0514	4.7047	-21.2567	3.2194	-23.4475	1.7491	-25.6013	0.2444	-27.6705	-1.3687	-29.5777	-3.1839	-31.1760	-5.3577	-32.5707	-7.6956	-33.9034	-10.0079	*	*	*	*	*	*	*	*	*	*	*	*	*	*	*	*	*	*
pl05	1.3585	26/05/2017 18:31:11	Mowie poko teraz	max_TD	65.4181	14.5302	14.8125	90.0621	-8.1348	4.5776	*	*	*	*	*	*	*	*	*	*	*	*	*	*	*	*	20.8878	0.6833	18.6744	1.3199	16.4389	2.2317	14.1439	2.6574	11.8203	3.0714	9.4188	4.1545	6.7593	6.9396	3.4818	12.6954	-0.0237	17.2485	-3.4537	19.6985	-6.8495	21.0995	-10.2055	21.8023	-13.4340	21.7431	-16.4453	20.8871	-19.2790	19.5460	-21.8321	17.6003	-23.2972	13.5173	-23.9524	8.3492	-24.0154	2.7439	-23.9845	-2.3719	-24.9297	-5.4763	-25.7240	-8.5448	-26.7169	-11.1254	-27.6311	-13.6442	-28.7280	-15.8161	-29.9491	-17.7682	-31.4461	-19.3956	*	*	*	*	*	*	*	*	*	*	*	*	*	*
pl05	1.2325	26/05/2017 18:31:14	Mowie paka teraz	max_TD	67.7910	4.4193	4.5319	89.9105	-9.5577	6.2122	*	*	*	*	*	*	*	*	*	*	*	*	*	*	*	*	21.1677	3.2456	18.8758	4.0392	16.5259	4.4570	14.1558	5.4695	11.6997	7.0038	9.0681	9.5011	6.2109	12.3852	3.1206	15.3506	-0.6175	20.7061	-4.1418	23.0087	-7.4993	23.7569	-10.7439	23.7127	-13.7376	22.6925	-16.2634	20.3801	-18.3232	17.1476	-19.8238	13.0310	-21.1021	8.9612	-21.6472	3.9624	-23.0372	1.0303	-23.8856	-2.5318	-24.8523	-5.5922	-26.1638	-7.9330	-27.4112	-10.2274	-28.8294	-12.2012	-29.9496	-14.4452	-31.5143	-16.1303	*	*	*	*	*	*	*	*	*	*	*	*	*	*	*	*
pl05	1.2145	26/05/2017 18:31:22	Mowie pogo teraz	max_TD	69.0953	0.6618	1.9474	90.7820	-10.5247	6.2389	*	*	*	*	*	*	*	*	*	*	*	*	*	*	*	*	*	*	19.0107	5.8603	16.5813	5.8737	14.1602	6.5234	11.6899	7.3230	9.0462	9.8346	6.1292	13.1957	2.9138	16.8705	-0.5451	20.2847	-4.1189	22.8984	-7.4067	23.3781	-10.6163	23.2601	-13.7689	22.7903	-16.6112	21.3498	-18.3733	17.2732	-19.3922	12.0490	-20.0170	6.7090	-20.4346	1.6548	-21.1642	-2.2509	-21.6850	-6.0927	-22.3228	-9.3831	-22.8496	-12.5434	-23.5391	-15.2357	-24.4619	-17.4609	-25.6828	-19.2338	-26.9843	-20.8707	-28.1804	-22.5828	-29.8406	-23.8406	*	*	*	*	*	*	*	*	*	*	*	*
pl05	1.5765	26/05/2017 18:32:40	Mowie pata teraz	max_TT	68.4990	39.7911	39.8064	72.7436	-29.0565	29.3732	*	*	*	*	*	*	*	*	*	*	*	*	*	*	23.8978	5.7451	21.4105	5.4682	18.9525	5.0748	16.5369	4.7388	14.1527	4.7361	11.7656	4.8538	9.3533	5.1528	6.9022	5.5207	4.4055	5.9066	1.8575	6.2958	-0.6973	6.4380	-3.2494	6.3760	-5.7719	6.0686	-8.2680	5.5896	-10.7225	4.9321	-13.1163	4.0827	-15.4721	3.1300	-17.7806	2.0669	-20.0068	0.8408	-22.1441	-0.5343	-24.1449	-2.1123	-25.8434	-4.1069	-27.3814	-6.2392	-28.8178	-8.4080	-30.0384	-10.7452	-31.4614	-12.7486	*	*	*	*	*	*	*	*	*	*	*	*	*	*	*	*	*	*
pl05	1.2825	26/05/2017 18:32:43	Mowie paga teraz	max_TD	70.5953	9.5100	10.6182	87.7439	-8.0585	4.9953	*	*	*	*	*	*	*	*	*	*	*	*	*	*	*	*	21.4329	5.6734	19.0223	6.0162	16.6080	6.5560	14.1722	9.3728	11.5449	12.0520	8.7043	15.0463	5.7385	17.0754	2.7808	17.8478	-0.5188	20.1313	-3.6558	20.6705	-6.8189	20.9745	-9.9650	20.9487	-12.8598	19.9478	-15.2998	17.6935	-17.2710	14.5074	-18.7755	10.6459	-19.4216	5.4731	-19.5991	0.0649	-19.5443	-5.0887	-20.2499	-8.4149	-21.0625	-11.2720	-21.5437	-14.3600	-22.6472	-16.3894	-24.3421	-17.6050	-25.6034	-19.3229	-27.6872	-20.1351	-29.5436	-21.2524	*	*	*	*	*	*	*	*	*	*	*	*	*	*
pl05	1.2765	26/05/2017 18:32:49	Mowie poto teraz	max_TT	68.0902	-2.0771	1.0796	71.5649	14.7953	14.1640	*	*	*	*	*	*	*	*	*	*	*	*	26.0180	3.7394	23.6463	4.0062	21.2708	4.1897	18.8994	4.3566	16.5301	4.5632	14.1527	4.7342	11.7624	4.9586	9.3511	5.1877	6.9206	5.3379	4.4730	5.4107	2.0154	5.3764	-0.4354	5.1781	-2.9063	4.9726	-5.3988	4.7445	-7.8871	4.3988	-10.3607	3.9236	-12.7508	3.1656	-15.1139	2.3150	-17.4790	1.4410	-19.9099	0.6562	-22.2826	-0.2917	-24.2615	-1.9237	-26.0399	-3.8123	-27.7211	-5.7666	-29.2088	-7.9021	-30.8165	-9.8082	-31.8702	-12.2898	-32.6615	-14.9298	-33.3425	-17.5448	*	*	*	*	*	*	*	*	*	*	*	*	*	*
pl05	1.0995	26/05/2017 18:32:55	Mowie podo teraz	max_TT	64.8397	20.4277	20.4124	69.1812	71.2643	71.3902	*	*	*	*	*	*	*	*	*	*	*	*	*	*	*	*	20.8954	0.7530	18.6549	1.0557	16.4017	1.2803	14.1391	1.5172	11.8665	1.5636	9.5928	1.5023	7.3145	1.4265	5.0245	1.3569	2.7445	1.1311	0.4691	0.8266	-1.8275	0.5607	-4.2541	0.6822	*	*	*	*	*	*	*	*	-20.4523	7.6123	-23.7463	7.9569	*	*	*	*	*	*	*	*	*	*	-32.9957	-7.1837	-32.8097	-11.2354	-32.9811	-14.5954	*	*	*	*	*	*	*	*	*	*	*	*	*	*	*	*
pl05	1.2305	26/05/2017 18:33:01	Mowie pada teraz	max_TT	66.9368	29.2473	29.2664	73.4497	-24.4808	23.0961	*	*	*	*	*	*	*	*	*	*	*	*	*	*	23.5044	3.0250	21.1440	3.0286	18.7951	2.9491	16.4715	3.0648	14.1463	3.2137	11.8158	3.2163	9.4801	3.2211	7.1379	3.1804	4.7901	3.0802	2.4270	2.9794	-0.0503	3.3254	-2.7685	4.4092	-5.6153	5.5129	-8.5796	6.5639	-11.5091	7.1250	-14.1115	6.5798	-16.6165	5.7337	-19.0225	4.6447	-21.3542	3.4049	-23.5880	1.9952	-25.7460	0.4784	-27.7674	-1.2234	-29.3956	-3.4373	-30.6776	-6.0023	-31.7093	-8.7329	-32.7245	-11.3311	*	*	*	*	*	*	*	*	*	*	*	*	*	*	*	*	*	*
pl05	1.3465	26/05/2017 18:33:04	Mowie poko teraz	max_TD	65.4285	27.6794	27.6775	90.0615	-10.1261	6.6452	*	*	*	*	*	*	*	*	*	*	*	*	*	*	*	*	*	*	18.6347	0.7834	16.4051	1.3657	14.1409	1.9336	11.8275	2.8350	9.3129	5.7700	6.4452	10.0587	3.2491	14.4061	-0.2387	18.5005	-3.7700	21.2199	-7.3184	23.0172	-10.6903	23.5227	-13.8616	23.0801	-16.6828	21.5494	-18.9371	18.6880	-20.7050	15.0359	-21.8463	10.5058	-23.0671	6.6645	-24.2450	3.1463	-25.0246	-0.6888	-25.7454	-4.2538	-26.5638	-7.3766	-27.9340	-9.5511	-29.1090	-11.8644	-30.1746	-14.1927	-31.1759	-16.4844	-32.6357	-18.2347	*	*	*	*	*	*	*	*	*	*	*	*	*	*
pl05	1.2905	26/05/2017 18:33:07	Mowie paka teraz	max_TD	68.7383	17.7879	17.9939	89.5166	-6.5289	4.1637	*	*	*	*	*	*	*	*	*	*	*	*	*	*	*	*	*	*	18.9358	4.8482	16.5588	5.2974	14.1587	6.1582	11.6750	7.8095	9.0587	9.6447	6.2154	12.3405	3.0861	15.6042	-0.1412	17.9327	-3.4681	19.7675	-6.6478	20.2746	-9.9296	20.8232	-13.1225	20.7692	-15.9695	19.5608	-18.0315	16.4156	-19.7803	12.9321	-21.0120	8.7741	-21.9278	4.4964	-22.3584	-0.1589	-23.3583	-3.3851	-24.5580	-6.0333	-25.8957	-8.3059	-27.0476	-10.6977	-28.2265	-12.9272	-29.5992	-14.8384	-31.1211	-16.5418	-32.6897	-18.1820	*	*	*	*	*	*	*	*	*	*	*	*	*	*
pl05	1.2265	26/05/2017 18:33:14	Mowie pogo teraz	max_TD	67.7055	8.6441	9.9201	88.1455	-8.1215	5.0831	*	*	*	*	*	*	*	*	*	*	*	*	*	*	*	*	*	*	18.8672	3.9228	16.5304	4.5712	14.1574	5.8563	11.6807	7.6221	9.0127	10.3448	6.1630	12.8601	3.0687	15.7320	-0.1511	17.9907	-3.4762	19.8068	-6.7861	20.8403	-10.1465	21.5929	-13.1813	20.9530	-16.0079	19.6677	-18.3173	17.1327	-19.9618	13.3450	-20.9375	8.6195	-21.5194	3.7191	-22.0908	-0.6277	-22.7144	-4.4270	-23.4439	-7.7030	-24.1849	-10.6859	-24.7447	-13.6764	-25.3876	-16.3460	-26.6866	-18.1072	-27.5249	-20.3049	-28.7224	-22.0538	-30.1840	-23.5280	*	*	*	*	*	*	*	*	*	*	*	*
pl05	1.8135	26/05/2017 18:33:26	Mowie pata teraz	max_TT	70.6377	-1.6460	0.9308	73.0573	40.4396	39.9799	*	*	*	*	*	*	*	*	*	*	*	*	*	*	24.0032	6.4736	21.5415	6.6680	19.0810	6.8090	16.6224	6.9244	14.1626	7.0973	11.6884	7.3729	9.1743	7.8826	6.6213	8.3097	4.0397	8.5949	1.4500	8.6679	-1.0652	8.2077	-3.5316	7.5300	-5.9606	6.7382	-8.3222	5.7593	-10.6154	4.6336	-12.8675	3.4584	-15.0477	2.1645	-17.1704	0.8006	-19.1934	-0.7072	-21.0822	-2.3945	-22.7017	-4.4475	-24.2184	-6.5422	-25.7303	-8.5360	-27.2647	-10.4169	-28.9494	-12.0566	-30.6079	-13.7064	-32.2037	-15.4089	*	*	*	*	*	*	*	*	*	*	*	*	*	*	*	*
pl05	1.4285	26/05/2017 18:33:29	Mowie paga teraz	max_TD	70.0627	13.6871	14.9727	88.2546	-9.1133	6.0215	*	*	*	*	*	*	*	*	*	*	*	*	*	*	*	*	21.3093	4.5420	18.9321	4.7987	16.5857	5.9870	14.1655	7.7862	11.6050	10.0923	8.8929	12.1707	5.9850	14.6277	2.8188	17.5683	-0.4932	19.9821	-3.7714	21.2267	-6.9743	21.6097	-10.0893	21.3899	-12.9246	20.1502	-15.0478	16.9909	-16.6463	12.9399	-17.3456	7.3927	-18.2936	3.1317	-18.4094	-2.1992	-19.2858	-5.5416	-18.9213	-10.5647	-20.0053	-12.8564	-21.1441	-14.9159	-22.4618	-16.6292	-24.0097	-18.0054	-25.6454	-19.2757	-27.1511	-20.6962	-28.5452	-22.2267	*	*	*	*	*	*	*	*	*	*	*	*	*	*
pl05	1.2195	26/05/2017 18:33:36	Mowie poto teraz	max_TT	68.0562	-2.9278	1.8787	71.5113	28.3794	28.1544	*	*	*	*	*	*	*	*	*	*	*	*	25.9673	3.4583	23.6187	3.8152	21.2599	4.0898	18.8938	4.2820	16.5262	4.4651	14.1523	4.6542	11.7640	4.9053	9.3584	5.0765	6.9318	5.2270	4.4821	5.3438	2.0361	5.2555	-0.4324	5.1637	-2.8790	4.8612	-5.3444	4.5516	-7.8174	4.1808	-10.2690	3.6679	-12.7531	3.1714	-15.1617	2.4238	-17.5256	1.5377	-19.8146	0.4750	-21.9730	-0.8340	-23.8318	-2.6190	-25.5848	-4.4944	-27.1424	-6.5716	-28.5554	-8.7473	-29.8885	-10.9257	-31.1177	-13.1343	-32.3214	-15.2857	*	*	*	*	*	*	*	*	*	*	*	*	*	*	*	*
pl05	1.0685	26/05/2017 18:33:42	Mowie podo teraz	max_TT	67.7520	-2.9888	1.8368	70.0862	-26.3920	26.9279	*	*	*	*	*	*	*	*	*	*	*	*	26.0358	3.8377	23.6563	4.0749	21.2675	4.1594	18.8895	4.2230	16.5143	4.1605	14.1510	4.3294	11.7755	4.5321	9.3862	4.6514	6.9862	4.6868	4.5904	4.5475	2.2012	4.2941	-0.1973	4.0327	-2.5845	3.6567	-4.9780	3.2513	-7.3861	2.8323	-9.7652	2.2631	-12.1272	1.6009	-14.4881	0.8912	-16.8404	0.1155	-19.1540	-0.7821	-21.4262	-1.7919	-23.5292	-3.1086	-25.4389	-4.7132	-26.9600	-6.8253	-28.1293	-9.2985	-29.0740	-11.9066	-29.8361	-14.5726	-30.5558	-17.1333	-31.6444	-19.2021	-32.7864	-21.1595	-34.0639	-22.9579	-35.5269	-24.5939	*	*	*	*	*	*	*	*
pl05	1.1845	26/05/2017 18:33:49	Mowie pada teraz	max_TT	69.4023	-2.5311	1.4744	68.3629	-32.3544	34.0710	*	*	*	*	*	*	*	*	*	*	*	*	26.2716	5.1450	23.8554	5.4514	21.4328	5.6730	19.0070	5.8098	16.5808	5.8618	14.1581	6.0230	11.7272	6.1079	9.2932	6.0697	6.8692	5.8479	4.4718	5.4193	2.1023	4.8704	-0.2174	4.1293	-2.4909	3.2740	-4.7034	2.2769	-6.8559	1.1742	-8.9597	0.0176	-11.0800	-1.0268	-13.1789	-2.0874	-15.2271	-3.2331	-17.2451	-4.4148	-19.1406	-5.7960	-20.9399	-7.2984	-22.5534	-9.0375	-23.9554	-11.0052	-25.3161	-12.9373	-26.3527	-15.1837	-27.3464	-17.3667	-28.6835	-19.0925	-29.8592	-20.9444	-31.2528	-22.5553	-32.7980	-24.0319	*	*	*	*	*	*	*	*	*	*
pl05	1.2375	26/05/2017 18:33:52	Mowie poko teraz	max_TD	67.0090	4.0321	5.0774	88.9485	-6.9122	4.5338	*	*	*	*	*	*	*	*	*	*	*	*	*	*	*	*	*	*	18.8375	3.5213	16.4791	3.2602	14.1484	3.7271	11.7781	4.4473	9.2590	6.5903	6.5244	9.2718	3.3365	13.7636	0.0259	16.9598	-3.4125	19.5001	-6.8054	20.9190	-10.1204	21.5002	-13.4072	21.6593	-16.5263	21.1131	-19.1855	19.3112	-20.7396	15.1147	-22.0860	11.0034	-23.3630	7.2275	-23.9831	2.6874	-25.1683	-0.4563	-26.1231	-3.6877	-26.5919	-7.3374	-27.2674	-10.4133	-28.2772	-12.8662	-29.5280	-14.9183	-30.5096	-17.1817	-31.7063	-19.1416	-33.2193	-20.7656	*	*	*	*	*	*	*	*	*	*	*	*
pl05	1.3025	26/05/2017 18:33:56	Mowie paka teraz	max_TD	67.1836	15.8844	15.4877	90.1732	-8.5316	5.3482	*	*	*	*	*	*	*	*	*	*	27.8596	0.9770	25.6063	1.4575	23.3418	1.9010	20.8911	0.7133	18.6716	1.2819	16.4628	2.8421	14.1513	4.4085	11.7280	6.0818	9.1508	8.2398	6.2730	11.7687	3.2526	14.3801	-0.1654	18.0739	-3.4622	19.7393	-7.1575	22.3590	-10.6238	23.2866	-13.8037	22.8991	-16.5067	21.0585	-18.7731	18.2763	-20.1680	13.8140	-20.9434	8.6318	-21.2759	3.2559	-21.8062	-1.1263	-22.7199	-4.4181	-23.5628	-7.5249	-24.6758	-10.0029	-26.0404	-12.0004	-27.3776	-13.9495	-28.6643	-15.8877	-29.8630	-17.8583	-31.2825	-19.5553	-33.4395	-20.5651	*	*	*	*	*	*	*	*	*	*	*	*
pl05	1.2335	26/05/2017 18:34:03	Mowie pogo teraz	max_TD	68.0763	4.8561	5.7907	89.9880	-6.9427	3.7079	*	*	*	*	*	*	*	*	*	*	*	*	*	*	*	*	21.2350	3.8617	18.7794	2.7375	16.4775	3.2201	14.1507	4.2615	11.6939	7.1928	8.9503	11.2965	5.8964	15.5074	2.6903	18.5132	-0.5018	20.0326	-3.8671	21.6871	-7.2809	22.8636	-10.6480	23.3725	-13.8758	23.1246	-16.2505	20.3441	-18.4946	17.5777	-20.0329	13.5066	-21.0935	8.9434	-21.7289	4.1179	-22.3228	-0.2213	-21.8778	-5.7807	-21.9144	-9.9951	-22.6413	-12.8331	-22.9668	-15.9761	-23.7856	-18.2753	-24.8734	-20.1420	-26.3001	-21.5867	-27.5271	-23.2204	*	*	*	*	*	*	*	*	*	*	*	*	*	*
pl05	1.6275	26/05/2017 18:34:44	Mowie pata teraz	max_TT	70.5185	-1.8921	1.0986	72.8840	37.2715	36.7222	*	*	*	*	*	*	*	*	*	*	*	*	*	*	24.2757	8.3573	21.6821	7.9548	19.1292	7.4598	16.6257	7.0104	14.1627	7.1133	11.6872	7.4107	9.1741	7.8855	6.6324	8.1994	4.0693	8.3774	1.5077	8.3324	-1.0005	7.8966	-3.4774	7.3086	-5.9131	6.5695	-8.2970	5.6804	-10.6212	4.6496	-12.8989	3.5373	-15.1290	2.3494	-17.2956	1.0604	-19.3537	-0.4021	-21.2710	-2.0639	-22.8952	-4.1345	-24.3911	-6.2834	-25.8438	-8.3782	-27.3201	-10.3452	-28.9728	-12.0284	-30.6828	-13.6223	-32.3821	-15.2222	*	*	*	*	*	*	*	*	*	*	*	*	*	*	*	*
pl05	1.1595	26/05/2017 18:34:47	Mowie paga teraz	max_TD	65.5415	18.0473	17.9253	72.8884	2.3232	1.3313	*	*	*	*	*	*	*	*	*	*	*	*	*	*	23.2971	1.5919	21.0114	1.8147	18.7201	1.9360	16.4288	1.9738	14.1406	1.8605	11.8554	1.9245	9.5660	1.9106	7.2772	1.7967	4.9785	1.6955	2.6321	1.7856	0.2742	1.7643	-2.2468	2.2757	-4.8714	2.8729	-8.3079	5.7146	-11.1673	6.1722	-13.6293	5.3699	-15.8873	4.0748	-18.1000	2.7299	-20.1676	1.1466	-22.2111	-0.4169	-24.0078	-2.3342	-25.7097	-4.3073	-27.4478	-6.1468	-28.8346	-8.3862	-30.1533	-10.6068	-31.2856	-12.9458	-32.4161	-15.1866	-33.3264	-17.5606	-34.3676	-19.7205	*	*	*	*	*	*	*	*	*	*	*	*
pl05	1.2165	26/05/2017 18:34:54	Mowie poto teraz	max_TT	68.3299	-2.5425	1.6918	72.6023	21.2097	21.3146	*	*	*	*	*	*	*	*	*	*	*	*	*	*	23.7551	4.7581	21.3406	4.8286	18.9357	4.8469	16.5377	4.7588	14.1532	4.8651	11.7600	5.0360	9.3479	5.2355	6.9014	5.5282	4.4168	5.8233	1.9118	5.9791	-0.6096	6.0160	-3.1151	5.8265	-5.6449	5.6179	-8.2094	5.4065	-10.7464	4.9988	-13.2903	4.5194	-15.7638	3.7938	-18.1461	2.8256	-20.4968	1.7732	-22.7339	0.4990	-24.8619	-0.9521	-26.6115	-2.9557	-28.0911	-5.2520	-29.4703	-7.5639	-30.6986	-9.9501	-31.9350	-12.2171	-32.9042	-14.6758	-33.8778	-17.0224	*	*	*	*	*	*	*	*	*	*	*	*	*	*
pl05	1.1145	26/05/2017 18:35:00	Mowie podo teraz	max_TT	68.2646	-3.3169	1.8578	71.6558	-38.6848	39.0053	*	*	*	*	*	*	*	*	*	*	*	*	26.0847	4.1088	23.7001	4.3777	21.3116	4.5628	18.9240	4.6897	16.5409	4.8410	14.1539	5.0209	11.7533	5.2567	9.3323	5.4735	6.8959	5.5827	4.4422	5.6367	1.9833	5.5631	-0.4664	5.3270	-2.9385	5.1043	-5.4244	4.8355	-7.8989	4.4355	-10.3954	4.0203	-12.8531	3.4223	-15.2924	2.7213	-17.7249	1.9515	-20.1405	1.0952	-22.5390	0.1575	-24.7013	-1.2120	-26.4763	-3.1584	-27.7549	-5.7196	-28.5758	-8.7210	-29.2050	-11.7489	-29.8548	-14.5516	-30.6170	-17.0692	-31.7436	-19.1053	-32.9369	-21.0226	-34.3259	-22.7357	*	*	*	*	*	*	*	*	*	*
pl05	1.2395	26/05/2017 18:35:07	Mowie pada teraz	max_TT	68.9897	-1.8692	1.0452	68.9979	-40.3671	41.7862	*	*	*	*	*	*	*	*	*	*	*	*	*	*	23.8437	5.3707	21.4078	5.4438	18.9790	5.4314	16.5618	5.3764	14.1556	5.4277	11.7468	5.4676	9.3326	5.4686	6.9191	5.3524	4.5044	5.1800	2.1025	4.8692	-0.2526	4.2986	-2.5783	3.6314	-4.8627	2.8419	-7.0839	1.8873	-9.2948	0.9519	-11.4830	-0.0155	-13.6260	-1.0701	-15.7403	-2.1679	-17.8095	-3.3407	-19.7807	-4.6747	-21.6536	-6.1436	-23.3339	-7.8678	-24.8228	-9.7985	-26.1411	-11.8701	-27.0791	-14.3090	-28.1270	-16.4907	-29.3442	-18.4012	-30.6102	-20.2114	-32.1438	-21.7443	*	*	*	*	*	*	*	*	*	*	*	*
pl05	1.2035	26/05/2017 18:35:10	Mowie poko teraz	max_TD	68.2106	5.3082	6.7463	89.5459	-6.4774	3.5896	*	*	*	*	*	*	*	*	*	*	*	*	*	*	*	*	21.3155	4.5985	18.9407	4.9155	16.5647	5.4486	14.1585	6.1166	11.6723	7.8970	8.9558	11.2123	6.1059	13.4274	2.8208	17.5536	-0.5970	20.5867	-3.9068	21.8784	-7.1835	22.4654	-10.2890	22.0984	-13.2207	21.0762	-15.8211	19.1471	-17.9755	16.2752	-19.6113	12.5474	-20.8328	8.4023	-21.7569	4.1711	-22.9117	0.8104	-23.9114	-2.4902	-24.6604	-5.8798	-25.7678	-8.4839	-26.9067	-10.8799	-28.0906	-13.0908	-29.2059	-15.2799	-30.5706	-17.1179	-32.0984	-18.7590	-33.7251	-20.3052	*	*	*	*	*	*	*	*	*	*	*	*
pl05	1.1415	26/05/2017 18:35:13	Mowie paka teraz	max_TD	69.3891	21.5015	22.2416	89.3043	-5.7507	3.0441	*	*	*	*	*	*	*	*	*	*	*	*	*	*	*	*	21.2704	4.1860	18.9248	4.6997	16.5783	5.7977	14.1648	7.6215	11.5986	10.3008	8.7526	14.3108	5.6617	17.8382	2.3847	20.7588	-0.9911	22.8814	-4.3583	24.0503	-7.6685	24.4488	-10.7688	23.8011	-13.5314	22.0476	-15.6778	18.7475	-17.5291	15.1550	-18.8108	10.7263	-19.9440	6.5574	-20.7839	2.3196	-21.4909	-1.6786	-22.1238	-5.3827	-23.2073	-8.0576	-24.3349	-10.4771	-25.5702	-12.6086	-26.8413	-14.5953	-28.3155	-16.2791	-29.8886	-17.8315	-31.4261	-19.4152	*	*	*	*	*	*	*	*	*	*	*	*	*	*
pl05	1.2705	26/05/2017 18:35:20	Mowie pogo teraz	max_TD	67.4750	-21.1620	20.0386	89.9292	-9.3746	5.8594	*	*	*	*	*	*	*	*	*	*	*	*	*	*	*	*	21.1644	3.2158	18.8396	3.5498	16.5023	3.8541	14.1535	4.9366	11.6980	7.0580	9.0715	9.4490	6.0863	13.6226	2.9245	16.7918	-0.5631	20.3896	-3.9204	21.9436	-7.2739	22.8353	-10.4873	22.8022	-13.5236	22.0234	-16.3993	20.7589	-19.0042	18.8562	-20.8582	15.3845	-21.5878	9.9693	-21.9116	4.4655	-22.3414	-0.1887	-23.4066	-3.3069	-23.4636	-7.6734	-24.3860	-10.4061	-24.5663	-13.9072	-25.8778	-15.7557	-25.9036	-18.9859	-27.0256	-20.8274	-27.8835	-22.8725	-29.0791	-24.5335	-30.4798	-25.9985	*	*	*	*	*	*	*	*	*	*
